episode_reward_max,episode_reward_min,episode_reward_mean,episode_len_mean,episodes_this_iter,num_healthy_workers,timesteps_total,timesteps_this_iter,agent_timesteps_total,done,episodes_total,training_iteration,trial_id,experiment_id,date,timestamp,time_this_iter_s,time_total_s,pid,hostname,node_ip,time_since_restore,timesteps_since_restore,iterations_since_restore,warmup_time,scenario_name,policy_reward_min/metanash,policy_reward_min/best_response,policy_reward_max/metanash,policy_reward_max/best_response,policy_reward_mean/metanash,policy_reward_mean/best_response,sampler_perf/mean_raw_obs_processing_ms,sampler_perf/mean_inference_ms,sampler_perf/mean_action_processing_ms,sampler_perf/mean_env_wait_ms,sampler_perf/mean_env_render_ms,timers/load_time_ms,timers/load_throughput,timers/learn_time_ms,timers/learn_throughput,timers/update_time_ms,info/num_steps_sampled,info/num_agent_steps_sampled,info/num_steps_trained,info/num_steps_trained_this_iter,info/num_agent_steps_trained,info/last_target_update_ts,info/num_target_updates,perf/cpu_util_percent,perf/ram_util_percent,info/learner/best_response/loss,info/learner/best_response/num_agent_steps_trained,info/learner/best_response/learner_stats/allreduce_latency
0.0,0.0,0.0,2.411,413,4,25600,4096,25599,False,10969,10,default,bc3a8da5607641b2a2c44a68c9b912ba,2022-05-05_16-14-36,1651738476,0.5662069320678711,9.267001867294312,2851445,sjtu-marl1,192.168.2.51,9.267001867294312,40960,10,1.5560460090637207,kuhn_psro_dqn,-2.0,-2.0,2.0,2.0,0.076,-0.076,0.23859368020646712,0.43712505939994456,0.02762909483279635,0.08162688976648629,0.0,0.129,31638801.444,6.243,656058.243,1.276,25600,25599,40960,4096,81920,16384,1,11.5,4.6,0.5985651612281799,4096.0,0.0
0.0,0.0,0.0,2.487,415,4,35840,4096,35837,False,15100,20,default,bc3a8da5607641b2a2c44a68c9b912ba,2022-05-05_16-14-42,1651738482,0.6161112785339355,14.42347502708435,2851445,sjtu-marl1,192.168.2.51,14.42347502708435,81920,20,1.5560460090637207,kuhn_psro_dqn,-2.0,-2.0,2.0,2.0,-0.071,0.071,0.23774885333630255,0.4390802024677672,0.02785414532428351,0.08232492702287146,0.0,0.128,32034065.232,5.909,693164.298,1.294,35840,35837,81920,4096,163840,26624,2,6.3,4.6,0.5284568071365356,4096.0,0.0
0.0,0.0,0.0,2.639,384,4,46080,4096,46077,False,19427,30,default,bc3a8da5607641b2a2c44a68c9b912ba,2022-05-05_16-14-47,1651738487,0.5762231349945068,19.807032585144043,2851445,sjtu-marl1,192.168.2.51,19.807032585144043,122880,30,1.5560460090637207,kuhn_psro_dqn,-2.0,-2.0,2.0,2.0,-0.014,0.014,0.24276348112946566,0.44474329078635366,0.02828619970966598,0.08362497316920209,0.0,0.129,31867685.372,6.39,641027.935,1.323,46080,46077,122880,4096,245760,36864,3,,,0.6583685874938965,4096.0,0.0
0.0,0.0,0.0,2.596,403,4,56320,4096,56317,False,23334,40,default,bc3a8da5607641b2a2c44a68c9b912ba,2022-05-05_16-14-52,1651738492,0.4673774242401123,25.14414095878601,2851445,sjtu-marl1,192.168.2.51,25.14414095878601,163840,40,1.5560460090637207,kuhn_psro_dqn,-2.0,-2.0,2.0,2.0,-0.128,0.128,0.23994753027197566,0.4461890988530304,0.028396070395972597,0.0838779431408361,0.0,0.124,32943181.561,5.961,687156.287,1.399,56320,56317,163840,4096,327680,47104,4,8.6,4.7,0.6209134459495544,4096.0,0.0
0.0,0.0,0.0,2.469,417,4,66560,4096,66557,False,27482,50,default,bc3a8da5607641b2a2c44a68c9b912ba,2022-05-05_16-14-58,1651738498,0.46687841415405273,30.560817003250122,2851445,sjtu-marl1,192.168.2.51,30.560817003250122,204800,50,1.5560460090637207,kuhn_psro_dqn,-2.0,-2.0,2.0,2.0,-0.17,0.17,0.2405769559446349,0.44830028991465337,0.028559494457332163,0.08429835688587282,0.0,0.131,31298723.236,5.911,692912.683,1.376,66560,66557,204800,4096,409600,57344,5,,,0.6352162957191467,4096.0,0.0
0.0,0.0,0.0,2.604,383,4,76800,4096,76797,False,31542,60,default,bc3a8da5607641b2a2c44a68c9b912ba,2022-05-05_16-15-03,1651738503,0.47968554496765137,35.933595418930054,2851445,sjtu-marl1,192.168.2.51,35.933595418930054,245760,60,1.5560460090637207,kuhn_psro_dqn,-2.0,-2.0,2.0,2.0,-0.144,0.144,0.24114968506255807,0.45058766571428976,0.028723351042353344,0.08476896436013942,0.0,0.129,31802793.75,5.9,694214.666,1.429,76800,76797,245760,4096,491520,67584,6,7.9,4.6,0.7175250053405762,4096.0,0.0
0.0,0.0,0.0,2.663,386,4,87040,4096,87039,False,35398,70,default,bc3a8da5607641b2a2c44a68c9b912ba,2022-05-05_16-15-09,1651738509,0.6992602348327637,41.56063413619995,2851445,sjtu-marl1,192.168.2.51,41.56063413619995,286720,70,1.5560460090637207,kuhn_psro_dqn,-2.0,-2.0,2.0,2.0,-0.176,0.176,0.24037042760213126,0.45234077642481074,0.028857271855172235,0.08507884023933221,0.0,0.134,30661911.804,6.288,651438.605,1.323,87040,87039,286720,4096,573440,77824,7,8.0,4.6,0.6903405785560608,4096.0,0.0
0.0,0.0,0.0,2.502,404,4,97280,4096,97277,False,39463,80,default,bc3a8da5607641b2a2c44a68c9b912ba,2022-05-05_16-15-14,1651738514,0.43397068977355957,46.96350312232971,2851445,sjtu-marl1,192.168.2.51,46.96350312232971,327680,80,1.5560460090637207,kuhn_psro_dqn,-2.0,-2.0,2.0,2.0,-0.079,0.079,0.2400752052122602,0.45274739194288544,0.028860767846283338,0.08511710976560352,0.0,0.136,30166583.291,6.695,611772.951,1.393,97280,97277,327680,4096,655360,88064,8,8.6,4.7,0.6728922128677368,4096.0,0.0
0.0,0.0,0.0,2.652,383,4,107520,4096,107518,False,43375,90,default,bc3a8da5607641b2a2c44a68c9b912ba,2022-05-05_16-15-20,1651738520,0.4777817726135254,52.87031030654907,2851445,sjtu-marl1,192.168.2.51,52.87031030654907,368640,90,1.5560460090637207,kuhn_psro_dqn,-2.0,-2.0,2.0,2.0,-0.089,0.089,0.23983423468842088,0.454136712869648,0.028946870511634644,0.08532244522249922,0.0,0.141,29098694.417,6.24,656439.274,1.339,107520,107518,368640,4096,737280,98304,9,6.7,4.7,0.7674023509025574,4096.0,0.0
0.0,0.0,0.0,2.508,412,4,117760,4096,117757,False,47433,100,default,bc3a8da5607641b2a2c44a68c9b912ba,2022-05-05_16-15-26,1651738526,0.7853090763092041,58.819843769073486,2851445,sjtu-marl1,192.168.2.51,58.819843769073486,409600,100,1.5560460090637207,kuhn_psro_dqn,-2.0,-2.0,2.0,2.0,-0.202,0.202,0.24000033907783558,0.4570930952934763,0.028994887983459998,0.08546991310015087,0.0,0.133,30694781.461,6.106,670810.882,1.401,117760,117757,409600,4096,819200,108544,10,7.6,4.7,0.7468034029006958,4096.0,0.0
0.0,0.0,0.0,2.65,388,4,128000,4096,127997,False,51340,110,default,bc3a8da5607641b2a2c44a68c9b912ba,2022-05-05_16-15-32,1651738532,0.7311756610870361,64.30738353729248,2851445,sjtu-marl1,192.168.2.51,64.30738353729248,450560,110,1.5560460090637207,kuhn_psro_dqn,-2.0,-2.0,2.0,2.0,-0.128,0.128,0.23918700667414033,0.45638173841904905,0.028983036257030817,0.0854194704634005,0.0,0.13,31557437.884,5.731,714711.147,1.367,128000,127997,450560,4096,901120,118784,11,7.2,4.7,0.7567338943481445,4096.0,0.0
0.0,0.0,0.0,2.653,385,4,138240,4096,138237,False,55338,120,default,bc3a8da5607641b2a2c44a68c9b912ba,2022-05-05_16-15-37,1651738537,0.4257383346557617,69.41269516944885,2851445,sjtu-marl1,192.168.2.51,69.41269516944885,491520,120,1.5560460090637207,kuhn_psro_dqn,-2.0,-2.0,2.0,2.0,-0.166,0.166,0.23862339110005823,0.4554530021995703,0.02894923890365047,0.08532316878691688,0.0,0.134,30541989.66,5.556,737225.863,1.3,138240,138237,491520,4096,983040,129024,12,7.6,4.8,0.7707833647727966,4096.0,0.0
0.0,0.0,0.0,2.525,401,4,148480,4096,148477,False,59347,130,default,bc3a8da5607641b2a2c44a68c9b912ba,2022-05-05_16-15-43,1651738543,0.4909546375274658,75.16781330108643,2851445,sjtu-marl1,192.168.2.51,75.16781330108643,532480,130,1.5560460090637207,kuhn_psro_dqn,-2.0,-2.0,2.0,2.0,-0.148,0.148,0.2385649331962623,0.45587365325953894,0.028956312939475384,0.0853649655600927,0.0,0.134,30552852.897,6.271,653154.944,1.368,148480,148477,532480,4096,1064960,139264,13,8.7,4.8,0.7656188011169434,4096.0,0.0
0.0,0.0,0.0,2.521,410,4,158720,4096,158717,False,63328,140,default,bc3a8da5607641b2a2c44a68c9b912ba,2022-05-05_16-15-49,1651738549,0.4275672435760498,80.83321833610535,2851445,sjtu-marl1,192.168.2.51,80.83321833610535,573440,140,1.5560460090637207,kuhn_psro_dqn,-2.0,-2.0,2.0,2.0,-0.143,0.143,0.23844273306890806,0.456074616523281,0.028981476172905217,0.08541781920764957,0.0,0.128,31968494.946,5.781,708483.273,1.306,158720,158717,573440,4096,1146880,149504,14,6.7,4.8,0.7937495112419128,4096.0,0.0
0.0,0.0,0.0,2.66,389,4,168960,4096,168957,False,67354,150,default,bc3a8da5607641b2a2c44a68c9b912ba,2022-05-05_16-15-54,1651738554,0.47400760650634766,86.3655138015747,2851445,sjtu-marl1,192.168.2.51,86.3655138015747,614400,150,1.5560460090637207,kuhn_psro_dqn,-2.0,-2.0,2.0,2.0,-0.137,0.137,0.23890097668891253,0.4567283985437749,0.029055425225395642,0.08560463468647304,0.0,0.129,31685483.556,5.885,695963.913,1.322,168960,168957,614400,4096,1228800,159744,15,,,0.8249207139015198,4096.0,0.0
0.0,0.0,0.0,2.579,378,4,179200,4096,179197,False,71380,160,default,bc3a8da5607641b2a2c44a68c9b912ba,2022-05-05_16-16-00,1651738560,0.4470651149749756,91.83294558525085,2851445,sjtu-marl1,192.168.2.51,91.83294558525085,655360,160,1.5560460090637207,kuhn_psro_dqn,-2.0,-2.0,2.0,2.0,-0.149,0.149,0.23951678041177193,0.45788452846828176,0.029110333942390768,0.08578048439626747,0.0,0.131,31355848.118,6.084,673221.384,1.325,179200,179197,655360,4096,1310720,169984,16,8.0,4.9,0.8209249377250671,4096.0,0.0
0.0,0.0,0.0,2.648,388,4,189440,4096,189438,False,75226,170,default,bc3a8da5607641b2a2c44a68c9b912ba,2022-05-05_16-16-05,1651738565,0.4613478183746338,97.28847217559814,2851445,sjtu-marl1,192.168.2.51,97.28847217559814,696320,170,1.5560460090637207,kuhn_psro_dqn,-2.0,-2.0,2.0,2.0,-0.259,0.259,0.2393965909304826,0.458369729005916,0.029176738938750234,0.08589459337159956,0.0,0.13,31418926.818,5.856,699477.594,1.327,189440,189438,696320,4096,1392640,180224,17,7.9,4.9,0.7802860140800476,4096.0,0.0
0.0,0.0,0.0,2.582,383,4,199680,4096,199679,False,79252,180,default,bc3a8da5607641b2a2c44a68c9b912ba,2022-05-05_16-16-11,1651738571,0.9137723445892334,103.08205533027649,2851445,sjtu-marl1,192.168.2.51,103.08205533027649,737280,180,1.5560460090637207,kuhn_psro_dqn,-2.0,-2.0,2.0,2.0,-0.082,0.082,0.2389336517602741,0.4576824153485962,0.02911230047712012,0.0857649919229099,0.0,0.129,31679640.76,6.159,665015.181,1.282,199680,199679,737280,4096,1474560,190464,18,7.7,5.0,0.8094437122344971,4096.0,0.0
0.0,0.0,0.0,2.52,406,4,209920,4096,209918,False,83196,190,default,bc3a8da5607641b2a2c44a68c9b912ba,2022-05-05_16-16-17,1651738577,0.9014396667480469,108.55621123313904,2851445,sjtu-marl1,192.168.2.51,108.55621123313904,778240,190,1.5560460090637207,kuhn_psro_dqn,-2.0,-2.0,2.0,2.0,-0.212,0.212,0.23842083972375946,0.4571979668758809,0.029088210553518196,0.08567724772059367,0.0,0.13,31390223.249,6.179,662887.991,1.365,209920,209918,778240,4096,1556480,200704,19,6.45,5.0,0.8779646754264832,4096.0,0.0
0.0,0.0,0.0,2.682,381,4,220160,4096,220156,False,87109,200,default,bc3a8da5607641b2a2c44a68c9b912ba,2022-05-05_16-16-22,1651738582,0.9314980506896973,114.15049147605896,2851445,sjtu-marl1,192.168.2.51,114.15049147605896,819200,200,1.5560460090637207,kuhn_psro_dqn,-2.0,-2.0,2.0,2.0,-0.205,0.205,0.23805275804464776,0.45662581253930445,0.02908559427692439,0.0856553649131768,0.0,0.143,28704877.5,6.277,652549.604,1.333,220160,220156,819200,4096,1638400,210944,20,6.3,5.0,0.8184266090393066,4096.0,0.0
0.0,0.0,0.0,2.642,383,4,230400,4096,230398,False,91090,210,default,bc3a8da5607641b2a2c44a68c9b912ba,2022-05-05_16-16-28,1651738588,0.5237925052642822,119.41441655158997,2851445,sjtu-marl1,192.168.2.51,119.41441655158997,860160,210,1.5560460090637207,kuhn_psro_dqn,-2.0,-2.0,2.0,2.0,-0.173,0.173,0.23813540506771405,0.45716908066768897,0.029058634849053345,0.08558580931241298,0.0,0.13,31464961.875,6.155,665468.55,1.328,230400,230398,860160,4096,1720320,221184,21,7.8,5.0,0.8306101560592651,4096.0,0.0
0.0,0.0,0.0,2.49,406,4,240640,4096,240636,False,95128,220,default,bc3a8da5607641b2a2c44a68c9b912ba,2022-05-05_16-16-33,1651738593,0.5010192394256592,125.02457404136658,2851445,sjtu-marl1,192.168.2.51,125.02457404136658,901120,220,1.5560460090637207,kuhn_psro_dqn,-2.0,-2.0,2.0,2.0,-0.215,0.215,0.23766833367095963,0.4565563076911684,0.02900787037775959,0.08546054662170678,0.0,0.129,31779262.272,6.396,640356.529,1.379,240640,240636,901120,4096,1802240,231424,22,5.9,5.1,0.7929405570030212,4096.0,0.0
0.0,0.0,0.0,2.502,406,4,250880,4096,250880,False,99078,230,default,bc3a8da5607641b2a2c44a68c9b912ba,2022-05-05_16-16-39,1651738599,0.4395730495452881,130.73638033866882,2851445,sjtu-marl1,192.168.2.51,130.73638033866882,942080,230,1.5560460090637207,kuhn_psro_dqn,-2.0,-2.0,2.0,2.0,-0.188,0.188,0.2373921760509587,0.4563879561551591,0.02900860166939785,0.08545695669047604,0.0,0.135,30390711.452,6.35,645057.06,1.38,250880,250880,942080,4096,1884160,241664,23,7.6,5.1,0.8151299357414246,4096.0,0.0
0.0,0.0,0.0,2.646,385,4,261120,4096,261117,False,103035,240,default,bc3a8da5607641b2a2c44a68c9b912ba,2022-05-05_16-16-44,1651738604,0.4900491237640381,136.0125608444214,2851445,sjtu-marl1,192.168.2.51,136.0125608444214,983040,240,1.5560460090637207,kuhn_psro_dqn,-2.0,-2.0,2.0,2.0,-0.168,0.168,0.23741892782715907,0.4564547917763267,0.029036871306326383,0.08552527046364876,0.0,0.135,30342404.069,6.234,657056.882,1.247,261120,261117,983040,4096,1966080,251904,24,7.3,5.1,0.8188822269439697,4096.0,0.0
0.0,0.0,0.0,2.497,410,4,271360,4096,271357,False,107103,250,default,bc3a8da5607641b2a2c44a68c9b912ba,2022-05-05_16-16-50,1651738610,0.4713914394378662,141.78147292137146,2851445,sjtu-marl1,192.168.2.51,141.78147292137146,1024000,250,1.5560460090637207,kuhn_psro_dqn,-2.0,-2.0,2.0,2.0,-0.146,0.146,0.23734470133041335,0.45646855892466354,0.029020535296720888,0.08549440495171044,0.0,0.126,32624134.417,6.324,647720.113,1.424,271360,271357,1024000,4096,2048000,262144,25,7.4,5.1,0.8169124722480774,4096.0,0.0
0.0,0.0,0.0,2.503,410,4,281600,4096,281598,False,111098,260,default,bc3a8da5607641b2a2c44a68c9b912ba,2022-05-05_16-16-56,1651738616,1.1120378971099854,147.78608560562134,2851445,sjtu-marl1,192.168.2.51,147.78608560562134,1064960,260,1.5560460090637207,kuhn_psro_dqn,-2.0,-2.0,2.0,2.0,-0.246,0.246,0.23753350899991996,0.4569373968225761,0.02905707661983827,0.0855877371550249,0.0,0.129,31820465.242,6.4,640003.471,1.418,281600,281598,1064960,4096,2129920,272384,26,6.9,5.2,0.7806004285812378,4096.0,0.0
0.0,0.0,0.0,2.507,409,4,291840,4096,291838,False,115139,270,default,bc3a8da5607641b2a2c44a68c9b912ba,2022-05-05_16-17-02,1651738622,0.48891353607177734,153.2608983516693,2851445,sjtu-marl1,192.168.2.51,153.2608983516693,1105920,270,1.5560460090637207,kuhn_psro_dqn,-2.0,-2.0,2.0,2.0,-0.026,0.026,0.23779203192781395,0.4573236399459624,0.029084582744599515,0.08567191938073837,0.0,0.129,31849961.409,6.095,672036.316,1.408,291840,291838,1105920,4096,2211840,282624,27,7.3,5.2,0.7910116314888,4096.0,0.0
0.0,0.0,0.0,2.485,415,4,302080,4096,302078,False,119108,280,default,bc3a8da5607641b2a2c44a68c9b912ba,2022-05-05_16-17-08,1651738628,1.0896217823028564,159.15454411506653,2851445,sjtu-marl1,192.168.2.51,159.15454411506653,1146880,280,1.5560460090637207,kuhn_psro_dqn,-2.0,-2.0,2.0,2.0,-0.098,0.098,0.23765059516303869,0.45716092691044796,0.029080163361062308,0.0856500835465747,0.0,0.129,31744030.273,5.944,689074.563,1.411,302080,302078,1146880,4096,2293760,292864,28,6.15,5.2,0.8114829659461975,4096.0,0.0
0.0,0.0,0.0,2.525,405,4,312320,4096,312318,False,123200,290,default,bc3a8da5607641b2a2c44a68c9b912ba,2022-05-05_16-17-13,1651738633,0.48695921897888184,164.65878796577454,2851445,sjtu-marl1,192.168.2.51,164.65878796577454,1187840,290,1.5560460090637207,kuhn_psro_dqn,-2.0,-2.0,2.0,2.0,-0.059,0.059,0.23779020242137733,0.4572600058504837,0.029087479373391695,0.08569558387810619,0.0,0.136,30177181.071,6.422,637855.378,1.364,312320,312318,1187840,4096,2375680,303104,29,9.0,5.3,0.8482877016067505,4096.0,0.0
0.0,0.0,0.0,2.501,410,4,322560,4096,322558,False,127318,300,default,bc3a8da5607641b2a2c44a68c9b912ba,2022-05-05_16-17-19,1651738639,0.47431159019470215,169.99399137496948,2851445,sjtu-marl1,192.168.2.51,169.99399137496948,1228800,300,1.5560460090637207,kuhn_psro_dqn,-2.0,-2.0,2.0,2.0,-0.136,0.136,0.23776436142313004,0.4569771313619184,0.02907793781989094,0.08566757789715983,0.0,0.136,30018992.109,6.72,609532.955,1.435,322560,322558,1228800,4096,2457600,313344,30,8.8,5.3,0.8467575311660767,4096.0,0.0
0.0,0.0,0.0,2.664,385,4,332800,4096,332796,False,131178,310,default,bc3a8da5607641b2a2c44a68c9b912ba,2022-05-05_16-17-25,1651738645,1.1391088962554932,175.9514832496643,2851445,sjtu-marl1,192.168.2.51,175.9514832496643,1269760,310,1.5560460090637207,kuhn_psro_dqn,-2.0,-2.0,2.0,2.0,-0.16,0.16,0.23780580043450428,0.45710846314216463,0.029114071302666012,0.0857393206109156,0.0,0.132,30999403.075,5.923,691587.733,1.383,332800,332796,1269760,4096,2539520,323584,31,6.45,5.3,0.8551737070083618,4096.0,0.0
0.0,0.0,0.0,2.515,407,4,343040,4096,343037,False,135196,320,default,bc3a8da5607641b2a2c44a68c9b912ba,2022-05-05_16-17-31,1651738651,0.4493539333343506,181.68957686424255,2851445,sjtu-marl1,192.168.2.51,181.68957686424255,1310720,320,1.5560460090637207,kuhn_psro_dqn,-2.0,-2.0,2.0,2.0,-0.138,0.138,0.23776059297266144,0.45819151849422984,0.029102987478457826,0.08572265521117689,0.0,0.13,31395959.766,6.021,680283.091,1.283,343040,343037,1310720,4096,2621440,333824,32,7.3,5.3,0.8873932361602783,4096.0,0.0
0.0,0.0,0.0,2.648,394,4,353280,4096,353278,False,139248,330,default,bc3a8da5607641b2a2c44a68c9b912ba,2022-05-05_16-17-36,1651738656,0.48102760314941406,187.1337296962738,2851445,sjtu-marl1,192.168.2.51,187.1337296962738,1351680,330,1.5560460090637207,kuhn_psro_dqn,-2.0,-2.0,2.0,2.0,-0.144,0.144,0.23774366702810898,0.45784853470147313,0.029106843573538977,0.08573468004027075,0.0,0.128,31897269.187,6.225,658008.158,1.364,353280,353278,1351680,4096,2703360,344064,33,,,0.8828977346420288,4096.0,0.0
0.0,0.0,0.0,2.499,415,4,363520,4096,363518,False,143254,340,default,bc3a8da5607641b2a2c44a68c9b912ba,2022-05-05_16-17-42,1651738662,0.4382152557373047,192.62080025672913,2851445,sjtu-marl1,192.168.2.51,192.62080025672913,1392640,340,1.5560460090637207,kuhn_psro_dqn,-2.0,-2.0,2.0,2.0,-0.053,0.053,0.23774114555507173,0.4581588687851745,0.029114577161939374,0.08574745906480807,0.0,0.129,31650459.071,5.836,701872.321,1.292,363520,363518,1392640,4096,2785280,354304,34,8.4,5.4,0.8797799944877625,4096.0,0.0
0.0,0.0,0.0,2.504,410,4,373760,4096,373758,False,147228,350,default,bc3a8da5607641b2a2c44a68c9b912ba,2022-05-05_16-17-48,1651738668,0.489260196685791,198.93516039848328,2851445,sjtu-marl1,192.168.2.51,198.93516039848328,1433600,350,1.5560460090637207,kuhn_psro_dqn,-2.0,-2.0,2.0,2.0,-0.28,0.28,0.2376808262868019,0.45813341193936313,0.02911784682575427,0.0857617586286734,0.0,0.136,30108428.293,6.28,652259.736,1.425,373760,373758,1433600,4096,2867200,364544,35,,,0.875350296497345,4096.0,0.0
0.0,0.0,0.0,2.674,385,4,384000,4096,383997,False,151206,360,default,bc3a8da5607641b2a2c44a68c9b912ba,2022-05-05_16-17-54,1651738674,0.4974043369293213,204.54678010940552,2851445,sjtu-marl1,192.168.2.51,204.54678010940552,1474560,360,1.5560460090637207,kuhn_psro_dqn,-2.0,-2.0,2.0,2.0,-0.176,0.176,0.2377236799001541,0.4580425657807508,0.029142860617318262,0.08581779665494645,0.0,0.131,31327259.635,6.117,669595.129,1.426,384000,383997,1474560,4096,2949120,374784,36,7.3,5.4,0.8648892641067505,4096.0,0.0
0.0,0.0,0.0,2.501,405,4,394240,4096,394237,False,155245,370,default,bc3a8da5607641b2a2c44a68c9b912ba,2022-05-05_16-17-59,1651738679,0.4339015483856201,210.2020947933197,2851445,sjtu-marl1,192.168.2.51,210.2020947933197,1515520,370,1.5560460090637207,kuhn_psro_dqn,-2.0,-2.0,2.0,2.0,-0.188,0.188,0.23804772050687653,0.45881162916618223,0.029171770216045317,0.08589388685159631,0.0,0.13,31499576.795,5.778,708948.132,1.358,394240,394237,1515520,4096,3031040,385024,37,,,0.9280972480773926,4096.0,0.0
0.0,0.0,0.0,2.546,406,4,404480,4096,404477,False,159162,380,default,bc3a8da5607641b2a2c44a68c9b912ba,2022-05-05_16-18-05,1651738685,0.48726511001586914,215.79682564735413,2851445,sjtu-marl1,192.168.2.51,215.79682564735413,1556480,380,1.5560460090637207,kuhn_psro_dqn,-2.0,-2.0,2.0,2.0,-0.232,0.232,0.23834351608178295,0.459385758694522,0.029200300419483786,0.08600756403465198,0.0,0.13,31627152.401,6.258,654518.582,1.393,404480,404477,1556480,4096,3112960,395264,38,8.3,5.4,0.9176199436187744,4096.0,0.0
0.0,0.0,0.0,2.656,384,4,414720,4096,414716,False,163124,390,default,bc3a8da5607641b2a2c44a68c9b912ba,2022-05-05_16-18-11,1651738691,1.2150213718414307,221.9959728717804,2851445,sjtu-marl1,192.168.2.51,221.9959728717804,1597440,390,1.5560460090637207,kuhn_psro_dqn,-2.0,-2.0,2.0,2.0,-0.185,0.185,0.23823729173901528,0.4589929877141881,0.02921013835463836,0.0860044384184103,0.0,0.131,31264548.106,6.061,675784.817,1.481,414720,414716,1597440,4096,3194880,405504,39,6.3,5.4,0.8981354832649231,4096.0,0.0
0.0,0.0,0.0,2.561,384,4,424960,4096,424957,False,167168,400,default,bc3a8da5607641b2a2c44a68c9b912ba,2022-05-05_16-18-17,1651738697,0.4502081871032715,227.64990735054016,2851445,sjtu-marl1,192.168.2.51,227.64990735054016,1638400,400,1.5560460090637207,kuhn_psro_dqn,-2.0,-2.0,2.0,2.0,-0.161,0.161,0.23808181252903474,0.4589576600939174,0.029174973150578213,0.08596116515027072,0.0,0.134,30520286.346,6.13,668225.191,1.442,424960,424957,1638400,4096,3276800,415744,40,7.4,5.4,0.8855283856391907,4096.0,0.0
0.0,0.0,0.0,2.556,383,4,435200,4096,435196,False,171102,410,default,bc3a8da5607641b2a2c44a68c9b912ba,2022-05-05_16-18-23,1651738703,0.46895337104797363,233.24645280838013,2851445,sjtu-marl1,192.168.2.51,233.24645280838013,1679360,410,1.5560460090637207,kuhn_psro_dqn,-2.0,-2.0,2.0,2.0,-0.2,0.2,0.23805045626335383,0.45905634098727427,0.029191343932848772,0.085986234711405,0.0,0.141,29010248.538,6.159,665064.095,1.436,435200,435196,1679360,4096,3358720,425984,41,,,0.921758770942688,4096.0,0.0
0.0,0.0,0.0,2.501,405,4,445440,4096,445436,False,175091,420,default,bc3a8da5607641b2a2c44a68c9b912ba,2022-05-05_16-18-28,1651738708,0.4512510299682617,238.75925707817078,2851445,sjtu-marl1,192.168.2.51,238.75925707817078,1720320,420,1.5560460090637207,kuhn_psro_dqn,-2.0,-2.0,2.0,2.0,-0.206,0.206,0.23813791576230012,0.45922738245896366,0.029216162438216068,0.086001320295431,0.0,0.13,31557437.884,5.997,682965.843,1.381,445440,445436,1720320,4096,3440640,436224,42,7.6,5.5,0.8961653709411621,4096.0,0.0
0.0,0.0,0.0,2.529,410,4,455680,4096,455678,False,179178,430,default,bc3a8da5607641b2a2c44a68c9b912ba,2022-05-05_16-18-34,1651738714,0.5436229705810547,244.55721759796143,2851445,sjtu-marl1,192.168.2.51,244.55721759796143,1761280,430,1.5560460090637207,kuhn_psro_dqn,-2.0,-2.0,2.0,2.0,-0.167,0.167,0.23832884162423074,0.4591469505931244,0.029196590924164944,0.0859862160034517,0.0,0.13,31493802.354,5.925,691317.787,1.287,455680,455678,1761280,4096,3522560,446464,43,7.9,5.5,0.9440126419067383,4096.0,0.0
0.0,0.0,0.0,2.655,384,4,465920,4096,465917,False,183067,440,default,bc3a8da5607641b2a2c44a68c9b912ba,2022-05-05_16-18-40,1651738720,0.542863130569458,250.2768030166626,2851445,sjtu-marl1,192.168.2.51,250.2768030166626,1802240,440,1.5560460090637207,kuhn_psro_dqn,-2.0,-2.0,2.0,2.0,-0.136,0.136,0.23839894116601384,0.4591297691150948,0.029208889921705852,0.0860071802365444,0.0,0.131,31350126.248,6.084,673200.28,1.312,465920,465917,1802240,4096,3604480,456704,44,7.4,5.5,0.8596464991569519,4096.0,0.0
0.0,0.0,0.0,2.558,384,4,476160,4096,476158,False,187114,450,default,bc3a8da5607641b2a2c44a68c9b912ba,2022-05-05_16-18-46,1651738726,0.5132780075073242,256.08200669288635,2851445,sjtu-marl1,192.168.2.51,256.08200669288635,1843200,450,1.5560460090637207,kuhn_psro_dqn,-2.0,-2.0,2.0,2.0,-0.198,0.198,0.23838385322887023,0.45932703410028364,0.029190019042597277,0.08599480418174031,0.0,0.129,31656291.107,5.871,697702.162,1.329,476160,476158,1843200,4096,3686400,466944,45,,,0.9326810240745544,4096.0,0.0
0.0,0.0,0.0,2.571,383,4,486400,4096,486397,False,191088,460,default,bc3a8da5607641b2a2c44a68c9b912ba,2022-05-05_16-18-52,1651738732,0.5523386001586914,262.6397521495819,2851445,sjtu-marl1,192.168.2.51,262.6397521495819,1884160,460,1.5560460090637207,kuhn_psro_dqn,-2.0,-2.0,2.0,2.0,-0.12,0.12,0.23837386508818623,0.4592401644960358,0.02919838360328531,0.08600061725016946,0.0,0.13,31453440.469,5.72,716126.269,1.366,486400,486397,1884160,4096,3768320,477184,46,,,0.8498332500457764,4096.0,0.0
0.0,0.0,0.0,2.673,385,4,496640,4096,496637,False,195021,470,default,bc3a8da5607641b2a2c44a68c9b912ba,2022-05-05_16-18-58,1651738738,0.4336411952972412,268.17888593673706,2851445,sjtu-marl1,192.168.2.51,268.17888593673706,1925120,470,1.5560460090637207,kuhn_psro_dqn,-2.0,-2.0,2.0,2.0,-0.107,0.107,0.23849405305449606,0.4592881143279609,0.02923292188425949,0.08606274987304845,0.0,0.131,31373026.267,5.678,721406.762,1.33,496640,496637,1925120,4096,3850240,487424,47,7.5,5.5,0.9011328220367432,4096.0,0.0
0.0,0.0,0.0,2.513,405,4,506880,4096,506878,False,199114,480,default,bc3a8da5607641b2a2c44a68c9b912ba,2022-05-05_16-19-04,1651738744,0.5079436302185059,273.8445580005646,2851445,sjtu-marl1,192.168.2.51,273.8445580005646,1966080,480,1.5560460090637207,kuhn_psro_dqn,-2.0,-2.0,2.0,2.0,-0.113,0.113,0.23851130106345614,0.4593429336672253,0.02920916169632747,0.08602188603549074,0.0,0.133,30865736.946,6.091,672449.299,1.423,506880,506878,1966080,4096,3932160,497664,48,6.1,5.5,0.892955482006073,4096.0,0.0
0.0,0.0,0.0,2.678,387,4,517120,4096,517117,False,203123,490,default,bc3a8da5607641b2a2c44a68c9b912ba,2022-05-05_16-19-10,1651738750,0.4407634735107422,279.576810836792,2851445,sjtu-marl1,192.168.2.51,279.576810836792,2007040,490,1.5560460090637207,kuhn_psro_dqn,-2.0,-2.0,2.0,2.0,-0.157,0.157,0.23845646568292528,0.4589399007172675,0.0292196230310731,0.0860272979608236,0.0,0.137,29930085.686,6.112,670180.232,1.347,517120,517117,2007040,4096,4014080,507904,49,,,0.8870821595191956,4096.0,0.0
0.0,0.0,0.0,2.498,407,4,527360,4096,527358,False,207056,500,default,bc3a8da5607641b2a2c44a68c9b912ba,2022-05-05_16-19-15,1651738755,0.4536585807800293,285.2487916946411,2851445,sjtu-marl1,192.168.2.51,285.2487916946411,2048000,500,1.5560460090637207,kuhn_psro_dqn,-2.0,-2.0,2.0,2.0,-0.189,0.189,0.23833516482299294,0.4591162212434954,0.0291990258862176,0.08598181193382308,0.0,0.129,31744030.273,6.103,671138.451,1.319,527360,527358,2048000,4096,4096000,518144,50,,,0.894341230392456,4096.0,0.0
0.0,0.0,0.0,2.656,388,4,537600,4096,537598,False,210963,510,default,bc3a8da5607641b2a2c44a68c9b912ba,2022-05-05_16-19-21,1651738761,0.44345521926879883,290.6695032119751,2851445,sjtu-marl1,192.168.2.51,290.6695032119751,2088960,510,1.5560460090637207,kuhn_psro_dqn,-2.0,-2.0,2.0,2.0,-0.167,0.167,0.23814373779705036,0.4585719595953593,0.0291909524979952,0.08595368977859462,0.0,0.13,31441927.496,5.85,700207.422,1.341,537600,537598,2088960,4096,4177920,528384,51,7.8,5.5,0.9266918897628784,4096.0,0.0
0.0,0.0,0.0,2.672,383,4,547840,4096,547840,False,214929,520,default,bc3a8da5607641b2a2c44a68c9b912ba,2022-05-05_16-19-26,1651738766,0.49242591857910156,296.2876284122467,2851445,sjtu-marl1,192.168.2.51,296.2876284122467,2129920,520,1.5560460090637207,kuhn_psro_dqn,-2.0,-2.0,2.0,2.0,-0.262,0.262,0.23797504323394394,0.4583137440927828,0.029178754149034616,0.08592830342713235,0.0,0.129,31814572.563,5.901,694077.237,1.385,547840,547840,2129920,4096,4259840,538624,52,8.0,5.5,0.9203116297721863,4096.0,0.0
0.0,0.0,0.0,2.665,386,4,558080,4096,558077,False,218846,530,default,bc3a8da5607641b2a2c44a68c9b912ba,2022-05-05_16-19-32,1651738772,0.4949674606323242,301.9005215167999,2851445,sjtu-marl1,192.168.2.51,301.9005215167999,2170880,530,1.5560460090637207,kuhn_psro_dqn,-2.0,-2.0,2.0,2.0,-0.231,0.231,0.237914383277793,0.45834453602349096,0.029183136385911496,0.08593653953549134,0.0,0.13,31441927.496,5.981,684852.572,1.379,558080,558077,2170880,4096,4341760,548864,53,,,0.9124463796615601,4096.0,0.0
0.0,0.0,0.0,2.494,411,4,568320,4096,568316,False,222839,540,default,bc3a8da5607641b2a2c44a68c9b912ba,2022-05-05_16-19-38,1651738778,0.5475428104400635,307.5848882198334,2851445,sjtu-marl1,192.168.2.51,307.5848882198334,2211840,540,1.5560460090637207,kuhn_psro_dqn,-2.0,-2.0,2.0,2.0,-0.171,0.171,0.23779821039880084,0.458526833906974,0.029164435369166478,0.0858908383677717,0.0,0.13,31493802.354,6.302,649972.162,1.384,568320,568316,2211840,4096,4423680,559104,54,7.0,5.5,0.8696169257164001,4096.0,0.0
0.0,0.0,0.0,2.529,410,4,578560,4096,578557,False,226746,550,default,bc3a8da5607641b2a2c44a68c9b912ba,2022-05-05_16-19-44,1651738784,0.46662092208862305,313.3191947937012,2851445,sjtu-marl1,192.168.2.51,313.3191947937012,2252800,550,1.5560460090637207,kuhn_psro_dqn,-2.0,-2.0,2.0,2.0,-0.115,0.115,0.2379252622879572,0.458764120924493,0.029162380391401104,0.08590216799445471,0.0,0.131,31264548.106,5.806,705477.933,1.272,578560,578557,2252800,4096,4505600,569344,55,8.4,5.5,0.9233291149139404,4096.0,0.0
0.0,0.0,0.0,2.648,387,4,588800,4096,588797,False,230712,560,default,bc3a8da5607641b2a2c44a68c9b912ba,2022-05-05_16-19-51,1651738791,1.4426116943359375,320.109347820282,2851445,sjtu-marl1,192.168.2.51,320.109347820282,2293760,560,1.5560460090637207,kuhn_psro_dqn,-2.0,-2.0,2.0,2.0,-0.139,0.139,0.23796031290028227,0.45865945868588287,0.029180523603285657,0.08593371244243116,0.0,0.136,30092606.733,6.162,664721.851,1.358,588800,588797,2293760,4096,4587520,579584,56,7.0,5.5,0.8913764357566833,4096.0,0.0
0.0,0.0,0.0,2.5,409,4,599040,4096,599039,False,234743,570,default,bc3a8da5607641b2a2c44a68c9b912ba,2022-05-05_16-19-56,1651738796,1.3591938018798828,325.74786710739136,2851445,sjtu-marl1,192.168.2.51,325.74786710739136,2334720,570,1.5560460090637207,kuhn_psro_dqn,-2.0,-2.0,2.0,2.0,-0.287,0.287,0.23793205491041358,0.458755907840856,0.029169043801020735,0.08591305772220786,0.0,0.13,31580641.882,5.752,712039.241,1.381,599040,599039,2334720,4096,4669440,589824,57,6.3,5.5,0.9005915522575378,4096.0,0.0
0.0,0.0,0.0,2.533,406,4,609280,4096,609277,False,238637,580,default,bc3a8da5607641b2a2c44a68c9b912ba,2022-05-05_16-20-02,1651738802,0.480609655380249,331.4893870353699,2851445,sjtu-marl1,192.168.2.51,331.4893870353699,2375680,580,1.5560460090637207,kuhn_psro_dqn,-2.0,-2.0,2.0,2.0,-0.159,0.159,0.23768220803772824,0.4585380341919953,0.029156848967741966,0.08588358204932689,0.0,0.131,31373026.267,6.031,679132.111,1.389,609280,609277,2375680,4096,4751360,600064,58,,,0.9265182018280029,4096.0,0.0
0.0,0.0,0.0,2.619,386,4,619520,4096,619519,False,242692,590,default,bc3a8da5607641b2a2c44a68c9b912ba,2022-05-05_16-20-08,1651738808,0.4608876705169678,337.2152361869812,2851445,sjtu-marl1,192.168.2.51,337.2152361869812,2416640,590,1.5560460090637207,kuhn_psro_dqn,-2.0,-2.0,2.0,2.0,-0.091,0.091,0.23763066537669916,0.458287845460029,0.0291576310963437,0.08588598230391097,0.0,0.14,29192640.924,6.613,619371.149,1.43,619520,619519,2416640,4096,4833280,610304,59,10.1,5.5,0.8991242051124573,4096.0,0.0
0.0,0.0,0.0,2.497,403,4,629760,4096,629757,False,246640,600,default,bc3a8da5607641b2a2c44a68c9b912ba,2022-05-05_16-20-14,1651738814,0.44863390922546387,342.82581639289856,2851445,sjtu-marl1,192.168.2.51,342.82581639289856,2457600,600,1.5560460090637207,kuhn_psro_dqn,-2.0,-2.0,2.0,2.0,-0.142,0.142,0.23751453990057347,0.45834556319588615,0.029140701620045967,0.08585330466128115,0.0,0.138,29753843.408,6.166,664254.088,1.448,629760,629757,2457600,4096,4915200,620544,60,7.6,5.5,0.9043360352516174,4096.0,0.0
0.0,0.0,0.0,2.673,383,4,640000,4096,639998,False,250538,610,default,bc3a8da5607641b2a2c44a68c9b912ba,2022-05-05_16-20-19,1651738819,0.45616841316223145,348.55642008781433,2851445,sjtu-marl1,192.168.2.51,348.55642008781433,2498560,610,1.5560460090637207,kuhn_psro_dqn,-2.0,-2.0,2.0,2.0,-0.198,0.198,0.2376230551711964,0.4583982852982339,0.029189024546533857,0.08593745752062043,0.0,0.131,31179435.906,5.834,702113.27,1.403,640000,639998,2498560,4096,4997120,630784,61,8.0,5.5,0.9339395761489868,4096.0,0.0
0.0,0.0,0.0,2.575,383,4,650240,4096,650237,False,254546,620,default,bc3a8da5607641b2a2c44a68c9b912ba,2022-05-05_16-20-25,1651738825,0.5118069648742676,354.2961518764496,2851445,sjtu-marl1,192.168.2.51,354.2961518764496,2539520,620,1.5560460090637207,kuhn_psro_dqn,-2.0,-2.0,2.0,2.0,-0.186,0.186,0.2375889577410967,0.45854091736103214,0.029166840921129113,0.08592376882454045,0.0,0.137,29914450.956,6.287,651554.724,1.453,650240,650237,2539520,4096,5079040,641024,62,8.9,5.5,0.9057420492172241,4096.0,0.0
0.0,0.0,0.0,2.512,406,4,660480,4096,660478,False,258515,630,default,bc3a8da5607641b2a2c44a68c9b912ba,2022-05-05_16-20-31,1651738831,0.4353749752044678,360.0570557117462,2851445,sjtu-marl1,192.168.2.51,360.0570557117462,2580480,630,1.5560460090637207,kuhn_psro_dqn,-2.0,-2.0,2.0,2.0,-0.085,0.085,0.23777932619379172,0.45891672081121876,0.02919606969668929,0.0859697816306626,0.0,0.139,29432703.759,5.986,684252.482,1.325,660480,660478,2580480,4096,5160960,651264,63,,,0.8959440588951111,4096.0,0.0
0.0,0.0,0.0,2.515,409,4,670720,4096,670718,False,262456,640,default,bc3a8da5607641b2a2c44a68c9b912ba,2022-05-05_16-20-37,1651738837,0.4602053165435791,365.61849665641785,2851445,sjtu-marl1,192.168.2.51,365.61849665641785,2621440,640,1.5560460090637207,kuhn_psro_dqn,-2.0,-2.0,2.0,2.0,-0.203,0.203,0.237672254344804,0.45875236281904436,0.029189236004164513,0.08594690230908852,0.0,0.131,31241806.117,5.714,716849.393,1.312,670720,670718,2621440,4096,5242880,661504,64,6.3,5.5,0.9663631916046143,4096.0,0.0
0.0,0.0,0.0,2.669,385,4,680960,4096,680958,False,266392,650,default,bc3a8da5607641b2a2c44a68c9b912ba,2022-05-05_16-20-43,1651738843,0.5560548305511475,371.4955155849457,2851445,sjtu-marl1,192.168.2.51,371.4955155849457,2662400,650,1.5560460090637207,kuhn_psro_dqn,-2.0,-2.0,2.0,2.0,-0.113,0.113,0.2377155582801875,0.45884858643372545,0.029218155546206225,0.08600620254918477,0.0,0.13,31592256.683,5.757,711493.7,1.372,680960,680958,2662400,4096,5324800,671744,65,6.5,5.5,0.8832424879074097,4096.0,0.0
0.0,0.0,0.0,2.653,383,4,691200,4096,691197,False,270340,660,default,bc3a8da5607641b2a2c44a68c9b912ba,2022-05-05_16-20-48,1651738848,0.44324398040771484,377.29241824150085,2851445,sjtu-marl1,192.168.2.51,377.29241824150085,2703360,660,1.5560460090637207,kuhn_psro_dqn,-2.0,-2.0,2.0,2.0,-0.094,0.094,0.2375185633700019,0.4588738820747012,0.029190062389881255,0.08595254550927849,0.0,0.131,31185095.633,6.048,677298.088,1.404,691200,691197,2703360,4096,5406720,681984,66,7.8,5.5,0.9087345600128174,4096.0,0.0
0.0,0.0,0.0,2.682,380,4,701440,4096,701438,False,274180,670,default,bc3a8da5607641b2a2c44a68c9b912ba,2022-05-05_16-20-54,1651738854,0.5010924339294434,382.91608715057373,2851445,sjtu-marl1,192.168.2.51,382.91608715057373,2744320,670,1.5560460090637207,kuhn_psro_dqn,-2.0,-2.0,2.0,2.0,-0.193,0.193,0.23736138703412257,0.4586906335166539,0.029189098123196103,0.08593607571808301,0.0,0.132,31128590.658,5.937,689935.19,1.363,701440,701438,2744320,4096,5488640,692224,67,,,0.935997724533081,4096.0,0.0
0.0,0.0,0.0,2.515,408,4,711680,4096,711678,False,278235,680,default,bc3a8da5607641b2a2c44a68c9b912ba,2022-05-05_16-21-00,1651738860,0.43937230110168457,388.596209526062,2851445,sjtu-marl1,192.168.2.51,388.596209526062,2785280,680,1.5560460090637207,kuhn_psro_dqn,-2.0,-2.0,2.0,2.0,-0.188,0.188,0.23729136106655618,0.45876742015306626,0.029158293188269173,0.08588728159744435,0.0,0.131,31253172.974,5.936,690018.322,1.36,711680,711678,2785280,4096,5570560,702464,68,7.8,5.5,0.9052115082740784,4096.0,0.0
0.0,0.0,0.0,2.523,411,4,721920,4096,721919,False,282131,690,default,bc3a8da5607641b2a2c44a68c9b912ba,2022-05-05_16-21-06,1651738866,0.4587526321411133,394.2394096851349,2851445,sjtu-marl1,192.168.2.51,394.2394096851349,2826240,690,1.5560460090637207,kuhn_psro_dqn,-2.0,-2.0,2.0,2.0,-0.194,0.194,0.23710700606778912,0.4585260203566926,0.02914933668027134,0.08585339291769403,0.0,0.129,31644629.184,5.869,697855.203,1.339,721920,721919,2826240,4096,5652480,712704,69,7.3,5.5,0.8780794143676758,4096.0,0.0
0.0,0.0,0.0,2.616,410,4,732160,4096,732157,False,286025,700,default,bc3a8da5607641b2a2c44a68c9b912ba,2022-05-05_16-21-12,1651738872,1.4119932651519775,400.91823172569275,2851445,sjtu-marl1,192.168.2.51,400.91823172569275,2867200,700,1.5560460090637207,kuhn_psro_dqn,-2.0,-2.0,2.0,2.0,-0.213,0.213,0.23716275634958733,0.4586341904477922,0.029173260014525644,0.08590693324946436,0.0,0.129,31744030.273,5.56,736675.808,1.295,732160,732157,2867200,4096,5734400,722944,70,7.25,5.5,0.9242087602615356,4096.0,0.0
0.0,0.0,0.0,2.661,388,4,742400,4096,742399,False,290054,710,default,bc3a8da5607641b2a2c44a68c9b912ba,2022-05-05_16-21-18,1651738878,1.441922903060913,406.8735101222992,2851445,sjtu-marl1,192.168.2.51,406.8735101222992,2908160,710,1.5560460090637207,kuhn_psro_dqn,-2.0,-2.0,2.0,2.0,-0.071,0.071,0.23727396929367695,0.4586658395538371,0.029187363104554352,0.08594094515712576,0.0,0.13,31598067.287,5.89,695473.686,1.35,742400,742399,2908160,4096,5816320,733184,71,6.9,5.5,0.9088034629821777,4096.0,0.0
0.0,0.0,0.0,2.498,410,4,752640,4096,752640,False,294036,720,default,bc3a8da5607641b2a2c44a68c9b912ba,2022-05-05_16-21-24,1651738884,0.5130815505981445,412.5007529258728,2851445,sjtu-marl1,192.168.2.51,412.5007529258728,2949120,720,1.5560460090637207,kuhn_psro_dqn,-2.0,-2.0,2.0,2.0,-0.105,0.105,0.23716386280307483,0.4586127472556183,0.029164438634458393,0.08589372899922253,0.0,0.131,31196421.253,5.965,686705.833,1.304,752640,752640,2949120,4096,5898240,743424,72,,,0.8661928176879883,4096.0,0.0
0.0,0.0,0.0,2.48,412,4,762880,4096,762878,False,297956,730,default,bc3a8da5607641b2a2c44a68c9b912ba,2022-05-05_16-21-30,1651738890,0.4436955451965332,418.398558139801,2851445,sjtu-marl1,192.168.2.51,418.398558139801,2990080,730,1.5560460090637207,kuhn_psro_dqn,-2.0,-2.0,2.0,2.0,-0.188,0.188,0.23717066734615191,0.4587106845162332,0.02917148325749376,0.08589506959234387,0.0,0.131,31287323.227,6.381,641897.355,1.373,762880,762878,2990080,4096,5980160,753664,73,8.1,5.5,0.9177212119102478,4096.0,0.0
0.0,0.0,0.0,2.642,380,4,773120,4096,773116,False,301921,740,default,bc3a8da5607641b2a2c44a68c9b912ba,2022-05-05_16-21-36,1651738896,0.44641971588134766,424.1045935153961,2851445,sjtu-marl1,192.168.2.51,424.1045935153961,3031040,740,1.5560460090637207,kuhn_psro_dqn,-2.0,-2.0,2.0,2.0,-0.117,0.117,0.23714938466000973,0.4585239107630301,0.02917681547498817,0.08591924619402821,0.0,0.147,27839684.304,6.46,634081.56,1.36,773120,773116,3031040,4096,6062080,763904,74,8.1,5.5,0.879642128944397,4096.0,0.0
0.0,0.0,0.0,2.619,385,4,783360,4096,783357,False,305925,750,default,bc3a8da5607641b2a2c44a68c9b912ba,2022-05-05_16-21-42,1651738902,0.5412678718566895,429.8911712169647,2851445,sjtu-marl1,192.168.2.51,429.8911712169647,3072000,750,1.5560460090637207,kuhn_psro_dqn,-2.0,-2.0,2.0,2.0,-0.169,0.169,0.23719452445588152,0.458654765366669,0.029181605476603933,0.08592877310710044,0.0,0.132,31134231.939,5.87,697758.836,1.262,783360,783357,3072000,4096,6144000,774144,75,,,0.8607132434844971,4096.0,0.0
0.0,0.0,0.0,2.523,405,4,793600,4096,793597,False,309916,760,default,bc3a8da5607641b2a2c44a68c9b912ba,2022-05-05_16-21-47,1651738907,0.48302412033081055,435.6237196922302,2851445,sjtu-marl1,192.168.2.51,435.6237196922302,3112960,760,1.5560460090637207,kuhn_psro_dqn,-2.0,-2.0,2.0,2.0,-0.148,0.148,0.23716231948147845,0.4588284854457754,0.02917063064909993,0.08591142880196327,0.0,0.13,31453440.469,5.886,695893.435,1.446,793600,793597,3112960,4096,6225920,784384,76,7.2,5.5,0.8965610265731812,4096.0,0.0
0.0,0.0,0.0,2.491,409,4,803840,4096,803837,False,313854,770,default,bc3a8da5607641b2a2c44a68c9b912ba,2022-05-05_16-21-53,1651738913,0.4631354808807373,441.361980676651,2851445,sjtu-marl1,192.168.2.51,441.361980676651,3153920,770,1.5560460090637207,kuhn_psro_dqn,-2.0,-2.0,2.0,2.0,-0.131,0.131,0.2370633341393687,0.45893102453321866,0.029164165476189958,0.08588208703175461,0.0,0.128,31980396.843,5.608,730430.404,1.349,803840,803837,3153920,4096,6307840,794624,77,8.9,5.5,0.879655659198761,4096.0,0.0
0.0,0.0,0.0,2.663,385,4,814080,4096,814077,False,317831,780,default,bc3a8da5607641b2a2c44a68c9b912ba,2022-05-05_16-21-59,1651738919,0.47069263458251953,447.13275361061096,2851445,sjtu-marl1,192.168.2.51,447.13275361061096,3194880,780,1.5560460090637207,kuhn_psro_dqn,-2.0,-2.0,2.0,2.0,-0.115,0.115,0.2370971553519571,0.45878945754380407,0.029181499290816575,0.08592868113309236,0.0,0.129,31738165.867,5.876,697085.009,1.412,814080,814077,3194880,4096,6389760,804864,78,,,0.9467230439186096,4096.0,0.0
0.0,0.0,0.0,2.505,409,4,824320,4096,824320,False,321829,790,default,bc3a8da5607641b2a2c44a68c9b912ba,2022-05-05_16-22-05,1651738925,0.4926314353942871,452.8581931591034,2851445,sjtu-marl1,192.168.2.51,452.8581931591034,3235840,790,1.5560460090637207,kuhn_psro_dqn,-2.0,-2.0,2.0,2.0,-0.212,0.212,0.23712314805015136,0.4590008895377548,0.029171928381116444,0.0859117942417007,0.0,0.132,31083533.895,6.045,677565.211,1.352,824320,824320,3235840,4096,6471680,815104,79,8.9,5.5,0.8455710411071777,4096.0,0.0
0.0,0.0,0.0,2.675,380,4,834560,4096,834556,False,325787,800,default,bc3a8da5607641b2a2c44a68c9b912ba,2022-05-05_16-22-10,1651738930,0.45874524116516113,458.41043734550476,2851445,sjtu-marl1,192.168.2.51,458.41043734550476,3276800,800,1.5560460090637207,kuhn_psro_dqn,-2.0,-2.0,2.0,2.0,-0.143,0.143,0.23706608568895599,0.4586562111718697,0.02918179951383874,0.08592508998150157,0.0,0.131,31384488.827,5.844,700867.286,1.382,834560,834556,3276800,4096,6553600,825344,80,7.3,5.5,0.886621356010437,4096.0,0.0
0.0,0.0,0.0,2.655,389,4,844800,4096,844797,False,329757,810,default,bc3a8da5607641b2a2c44a68c9b912ba,2022-05-05_16-22-16,1651738936,0.47586727142333984,464.30346393585205,2851445,sjtu-marl1,192.168.2.51,464.30346393585205,3317760,810,1.5560460090637207,kuhn_psro_dqn,-2.0,-2.0,2.0,2.0,-0.242,0.242,0.23705180547955956,0.45872378569770755,0.0291843340981853,0.08593110299193393,0.0,0.13,31441927.496,5.753,711915.315,1.405,844800,844797,3317760,4096,6635520,835584,81,6.6,5.5,0.9292162656784058,4096.0,0.0
0.0,0.0,0.0,2.638,381,4,855040,4096,855037,False,333747,820,default,bc3a8da5607641b2a2c44a68c9b912ba,2022-05-05_16-22-22,1651738942,0.48711729049682617,470.12097692489624,2851445,sjtu-marl1,192.168.2.51,470.12097692489624,3358720,820,1.5560460090637207,kuhn_psro_dqn,-2.0,-2.0,2.0,2.0,-0.178,0.178,0.2370266335323687,0.45875681096844756,0.029183629332063192,0.08593321953107493,0.0,0.13,31499576.795,5.902,693979.107,1.372,855040,855037,3358720,4096,6717440,845824,82,6.8,5.5,0.9169129729270935,4096.0,0.0
0.0,0.0,0.0,2.471,413,4,865280,4096,865276,False,337800,830,default,bc3a8da5607641b2a2c44a68c9b912ba,2022-05-05_16-22-28,1651738948,0.45345473289489746,475.8635652065277,2851445,sjtu-marl1,192.168.2.51,475.8635652065277,3399680,830,1.5560460090637207,kuhn_psro_dqn,-2.0,-2.0,2.0,2.0,-0.204,0.204,0.2370806279757831,0.4589055693593755,0.029180162270281293,0.08591075010336001,0.0,0.131,31213425.116,5.804,705770.651,1.345,865280,865276,3399680,4096,6799360,856064,83,,,0.8309414982795715,4096.0,0.0
0.0,0.0,0.0,2.579,416,4,875520,4096,875516,False,341699,840,default,bc3a8da5607641b2a2c44a68c9b912ba,2022-05-05_16-22-35,1651738955,1.4948697090148926,482.7372260093689,2851445,sjtu-marl1,192.168.2.51,482.7372260093689,3440640,840,1.5560460090637207,kuhn_psro_dqn,-2.0,-2.0,2.0,2.0,-0.244,0.244,0.23695310420571133,0.458752456116291,0.029160864801108126,0.08590815335488149,0.0,0.132,31033000.694,5.703,718218.953,1.53,875520,875516,3440640,4096,6881280,866304,84,6.199999999999999,5.5,0.9151776432991028,4096.0,0.0
0.0,0.0,0.0,2.653,384,4,885760,4096,885757,False,345667,850,default,bc3a8da5607641b2a2c44a68c9b912ba,2022-05-05_16-22-41,1651738961,0.49846982955932617,488.69524812698364,2851445,sjtu-marl1,192.168.2.51,488.69524812698364,3481600,850,1.5560460090637207,kuhn_psro_dqn,-2.0,-2.0,2.0,2.0,-0.111,0.111,0.2369875465369749,0.4586388950417889,0.029185947313545277,0.08594009960729566,0.0,0.131,31207755.103,5.597,731762.0,1.355,885760,885757,3481600,4096,6963200,876544,85,,,0.9180461764335632,4096.0,0.0
0.0,0.0,0.0,2.521,406,4,896000,4096,895999,False,349672,860,default,bc3a8da5607641b2a2c44a68c9b912ba,2022-05-05_16-22-47,1651738967,0.49756550788879395,494.606543302536,2851445,sjtu-marl1,192.168.2.51,494.606543302536,3522560,860,1.5560460090637207,kuhn_psro_dqn,-2.0,-2.0,2.0,2.0,-0.232,0.232,0.23696876057104516,0.45876043210949463,0.029165850205722727,0.08590759587097813,0.0,0.134,30618194.946,6.21,659533.915,1.398,896000,895999,3522560,4096,7045120,886784,86,,,0.8849174976348877,4096.0,0.0
0.0,0.0,0.0,2.655,381,4,906240,4096,906237,False,353689,870,default,bc3a8da5607641b2a2c44a68c9b912ba,2022-05-05_16-22-53,1651738973,0.46530675888061523,500.40056347846985,2851445,sjtu-marl1,192.168.2.51,500.40056347846985,3563520,870,1.5560460090637207,kuhn_psro_dqn,-2.0,-2.0,2.0,2.0,-0.184,0.184,0.23694826038293046,0.4584878148631172,0.029175626172230892,0.08592293374267873,0.0,0.132,31061054.392,6.137,667433.399,1.371,906240,906237,3563520,4096,7127040,897024,87,9.2,5.5,0.8755810856819153,4096.0,0.0
0.0,0.0,0.0,2.506,407,4,916480,4096,916477,False,357700,880,default,bc3a8da5607641b2a2c44a68c9b912ba,2022-05-05_16-22-59,1651738979,0.4662952423095703,506.39360308647156,2851445,sjtu-marl1,192.168.2.51,506.39360308647156,3604480,880,1.5560460090637207,kuhn_psro_dqn,-2.0,-2.0,2.0,2.0,-0.108,0.108,0.23692233398662893,0.4587917881351476,0.029161290890718627,0.08588659046021396,0.0,0.128,31920975.816,5.791,707304.859,1.407,916480,916477,3604480,4096,7208960,907264,88,8.5,5.5,0.8806296586990356,4096.0,0.0
0.0,0.0,0.0,2.511,407,4,926720,4096,926716,False,361647,890,default,bc3a8da5607641b2a2c44a68c9b912ba,2022-05-05_16-23-06,1651738986,0.5261397361755371,513.237811088562,2851445,sjtu-marl1,192.168.2.51,513.237811088562,3645440,890,1.5560460090637207,kuhn_psro_dqn,-2.0,-2.0,2.0,2.0,-0.163,0.163,0.23681251200332853,0.4592450925232607,0.029155965685628567,0.08587490253160146,0.0,0.13,31441927.496,6.093,672301.935,1.387,926720,926716,3645440,4096,7290880,917504,89,,,0.8867247104644775,4096.0,0.0
0.0,0.0,0.0,2.598,409,4,936960,4096,936956,False,365623,900,default,bc3a8da5607641b2a2c44a68c9b912ba,2022-05-05_16-23-12,1651738992,0.44684696197509766,518.9945769309998,2851445,sjtu-marl1,192.168.2.51,518.9945769309998,3686400,900,1.5560460090637207,kuhn_psro_dqn,-2.0,-2.0,2.0,2.0,-0.206,0.206,0.23678801913837047,0.4590904636348181,0.029154345033016803,0.08586861583597746,0.0,0.134,30531134.146,5.87,697733.332,1.347,936960,936956,3686400,4096,7372800,927744,90,7.9,5.5,0.8667665719985962,4096.0,0.0
0.0,0.0,0.0,2.662,382,4,947200,4096,947199,False,369593,910,default,bc3a8da5607641b2a2c44a68c9b912ba,2022-05-05_16-23-18,1651738998,0.5534865856170654,525.0405161380768,2851445,sjtu-marl1,192.168.2.51,525.0405161380768,3727360,910,1.5560460090637207,kuhn_psro_dqn,-2.0,-2.0,2.0,2.0,-0.129,0.129,0.23676294846260487,0.45884475564664506,0.029157284120385527,0.08587325277166358,0.0,0.13,31482259.82,6.114,669955.473,1.378,947200,947199,3727360,4096,7454720,937984,91,7.2,5.5,0.9538629055023193,4096.0,0.0
0.0,0.0,0.0,2.491,416,4,957440,4096,957437,False,373621,920,default,bc3a8da5607641b2a2c44a68c9b912ba,2022-05-05_16-23-24,1651739004,0.5332543849945068,531.2216308116913,2851445,sjtu-marl1,192.168.2.51,531.2216308116913,3768320,920,1.5560460090637207,kuhn_psro_dqn,-2.0,-2.0,2.0,2.0,-0.216,0.216,0.23681823845973435,0.45910728175491555,0.02915209006738241,0.08585594238598052,0.0,0.129,31785141.876,5.961,687142.545,1.426,957440,957437,3768320,4096,7536640,948224,92,8.6,5.5,0.8910006284713745,4096.0,0.0
0.0,0.0,0.0,2.502,407,4,967680,4096,967678,False,377555,930,default,bc3a8da5607641b2a2c44a68c9b912ba,2022-05-05_16-23-30,1651739010,0.5587115287780762,537.1534941196442,2851445,sjtu-marl1,192.168.2.51,537.1534941196442,3809280,930,1.5560460090637207,kuhn_psro_dqn,-2.0,-2.0,2.0,2.0,-0.138,0.138,0.23673695665798528,0.4590188904208825,0.02914931757924007,0.08585138203394459,0.0,0.129,31714729.895,6.168,664084.622,1.333,967680,967678,3809280,4096,7618560,958464,93,8.0,5.5,0.9012642502784729,4096.0,0.0
0.0,0.0,0.0,2.503,411,4,977920,4096,977920,False,381641,940,default,bc3a8da5607641b2a2c44a68c9b912ba,2022-05-05_16-23-36,1651739016,0.44908714294433594,543.042448759079,2851445,sjtu-marl1,192.168.2.51,543.042448759079,3850240,940,1.5560460090637207,kuhn_psro_dqn,-2.0,-2.0,2.0,2.0,-0.092,0.092,0.23672821589932433,0.458878136960442,0.02914171299620393,0.08583145280427713,0.0,0.13,31603880.029,5.788,707718.607,1.283,977920,977920,3850240,4096,7700480,968704,94,7.4,5.5,0.9072462320327759,4096.0,0.0
0.0,0.0,0.0,2.687,381,4,988160,4096,988158,False,385553,950,default,bc3a8da5607641b2a2c44a68c9b912ba,2022-05-05_16-23-42,1651739022,0.44091272354125977,549.0511691570282,2851445,sjtu-marl1,192.168.2.51,549.0511691570282,3891200,950,1.5560460090637207,kuhn_psro_dqn,-2.0,-2.0,2.0,2.0,-0.179,0.179,0.23667598162314635,0.4585300536967436,0.029151700244954053,0.08584828206898504,0.0,0.137,29893630.04,5.888,695670.821,1.24,988160,988158,3891200,4096,7782400,978944,95,,,0.8744231462478638,4096.0,0.0
0.0,0.0,0.0,2.47,412,4,998400,4096,998397,False,389607,960,default,bc3a8da5607641b2a2c44a68c9b912ba,2022-05-05_16-23-48,1651739028,0.46637845039367676,555.1460695266724,2851445,sjtu-marl1,192.168.2.51,555.1460695266724,3932160,960,1.5560460090637207,kuhn_psro_dqn,-2.0,-2.0,2.0,2.0,-0.265,0.265,0.2365965858051253,0.45866516794304296,0.029132490715062326,0.08579401024007936,0.0,0.131,31173778.233,5.997,683055.451,1.371,998400,998397,3932160,4096,7864320,989184,96,7.1,5.5,0.8547835946083069,4096.0,0.0
0.0,0.0,0.0,2.662,383,4,1008640,4096,1008638,False,393476,970,default,bc3a8da5607641b2a2c44a68c9b912ba,2022-05-05_16-23-54,1651739034,0.5006496906280518,560.9835438728333,2851445,sjtu-marl1,192.168.2.51,560.9835438728333,3973120,970,1.5560460090637207,kuhn_psro_dqn,-2.0,-2.0,2.0,2.0,-0.155,0.155,0.23651279424413138,0.45835808666456124,0.02913728849596104,0.08581639747837906,0.0,0.131,31361572.077,6.103,671180.403,1.315,1008640,1008638,3973120,4096,7946240,999424,97,7.7,5.5,0.9523575305938721,4096.0,0.0
0.0,0.0,0.0,2.549,413,4,1018880,4096,1018879,False,397552,980,default,bc3a8da5607641b2a2c44a68c9b912ba,2022-05-05_16-24-00,1651739040,0.45889735221862793,567.0318470001221,2851445,sjtu-marl1,192.168.2.51,567.0318470001221,4014080,980,1.5560460090637207,kuhn_psro_dqn,-2.0,-2.0,2.0,2.0,-0.152,0.152,0.23642418382549274,0.4583909064750859,0.029104990167320863,0.08576983491075876,0.0,0.137,29826161.778,6.137,667394.507,1.375,1018880,1018879,4014080,4096,8028160,1009664,98,,,0.8801858425140381,4096.0,0.0
0.0,0.0,0.0,2.647,389,4,1029120,4096,1029118,False,401522,990,default,bc3a8da5607641b2a2c44a68c9b912ba,2022-05-05_16-24-07,1651739047,1.5162556171417236,573.7982699871063,2851445,sjtu-marl1,192.168.2.51,573.7982699871063,4055040,990,1.5560460090637207,kuhn_psro_dqn,-2.0,-2.0,2.0,2.0,-0.206,0.206,0.23643148688973492,0.45814096180247915,0.029121404567080043,0.08577824375871154,0.0,0.133,30689298.292,6.264,653930.624,1.387,1029120,1029118,4055040,4096,8110080,1019904,99,5.85,5.5,0.9143607020378113,4096.0,0.0
0.0,0.0,0.0,2.504,411,4,1039360,4096,1039356,False,405542,1000,default,bc3a8da5607641b2a2c44a68c9b912ba,2022-05-05_16-24-13,1651739053,0.5299220085144043,579.8723037242889,2851445,sjtu-marl1,192.168.2.51,579.8723037242889,4096000,1000,1.5560460090637207,kuhn_psro_dqn,-2.0,-2.0,2.0,2.0,-0.193,0.193,0.2364776152432998,0.4584777706106855,0.029113023807236692,0.08575947727157682,0.0,0.13,31511132.032,6.037,678469.648,1.461,1039360,1039356,4096000,4096,8192000,1030144,100,,,0.8656379580497742,4096.0,0.0
0.0,0.0,0.0,2.543,409,4,1049600,4096,1049598,False,409444,1010,default,bc3a8da5607641b2a2c44a68c9b912ba,2022-05-05_16-24-19,1651739059,0.45177769660949707,585.6814670562744,2851445,sjtu-marl1,192.168.2.51,585.6814670562744,4136960,1010,1.5560460090637207,kuhn_psro_dqn,-2.0,-2.0,2.0,2.0,-0.166,0.166,0.23647628840345203,0.45859050498042137,0.029108989318446504,0.08577109843448898,0.0,0.131,31344406.466,5.85,700118.963,1.343,1049600,1049598,4136960,4096,8273920,1040384,101,,,0.8754532933235168,4096.0,0.0
0.0,0.0,0.0,2.646,388,4,1059840,4096,1059838,False,413474,1020,default,bc3a8da5607641b2a2c44a68c9b912ba,2022-05-05_16-24-25,1651739065,0.4651343822479248,591.4510316848755,2851445,sjtu-marl1,192.168.2.51,591.4510316848755,4177920,1020,1.5560460090637207,kuhn_psro_dqn,-2.0,-2.0,2.0,2.0,-0.213,0.213,0.2365062158067474,0.4583555795420747,0.02912492489103147,0.08579109134172808,0.0,0.131,31247488.512,5.71,717337.28,1.347,1059840,1059838,4177920,4096,8355840,1050624,102,7.2,5.5,0.8907680511474609,4096.0,0.0
0.0,0.0,0.0,2.693,380,4,1070080,4096,1070079,False,417317,1030,default,bc3a8da5607641b2a2c44a68c9b912ba,2022-05-05_16-24-31,1651739071,0.4434537887573242,597.4262435436249,2851445,sjtu-marl1,192.168.2.51,597.4262435436249,4218880,1030,1.5560460090637207,kuhn_psro_dqn,-2.0,-2.0,2.0,2.0,-0.248,0.248,0.2365015443086199,0.45834934919612497,0.029136868796162906,0.08580589485548387,0.0,0.132,31139875.266,6.224,658139.236,1.42,1070080,1070079,4218880,4096,8437760,1060864,103,7.1,5.5,0.9030668139457703,4096.0,0.0
0.0,0.0,0.0,2.566,381,4,1080320,4096,1080317,False,421338,1040,default,bc3a8da5607641b2a2c44a68c9b912ba,2022-05-05_16-24-37,1651739077,0.502692461013794,603.6064395904541,2851445,sjtu-marl1,192.168.2.51,603.6064395904541,4259840,1040,1.5560460090637207,kuhn_psro_dqn,-2.0,-2.0,2.0,2.0,-0.161,0.161,0.23651795782120816,0.4587291737533582,0.029121884976301835,0.0858124566089359,0.0,0.132,30921290.828,6.031,679172.383,1.439,1080320,1080317,4259840,4096,8519680,1071104,104,7.6,5.5,0.9054057598114014,4096.0,0.0
0.0,0.0,0.0,2.661,383,4,1090560,4096,1090557,False,425189,1050,default,bc3a8da5607641b2a2c44a68c9b912ba,2022-05-05_16-24-43,1651739083,0.44483017921447754,609.5982847213745,2851445,sjtu-marl1,192.168.2.51,609.5982847213745,4300800,1050,1.5560460090637207,kuhn_psro_dqn,-2.0,-2.0,2.0,2.0,-0.21,0.21,0.23655526906371888,0.45855471110423646,0.02914590445970309,0.08584128546473917,0.0,0.135,30310284.375,6.26,654289.252,1.404,1090560,1090557,4300800,4096,8601600,1081344,105,7.6,5.5,0.9447371363639832,4096.0,0.0
0.0,0.0,0.0,2.552,383,4,1100800,4096,1100797,False,429264,1060,default,bc3a8da5607641b2a2c44a68c9b912ba,2022-05-05_16-24-49,1651739089,0.463714599609375,615.4719116687775,2851445,sjtu-marl1,192.168.2.51,615.4719116687775,4341760,1060,1.5560460090637207,kuhn_psro_dqn,-2.0,-2.0,2.0,2.0,-0.127,0.127,0.23648291988607378,0.4585947075356356,0.02911863616141244,0.0858067921457747,0.0,0.132,30960297.682,6.425,637531.095,1.348,1100800,1100797,4341760,4096,8683520,1091584,106,8.1,5.5,0.9114247560501099,4096.0,0.0
0.0,0.0,0.0,2.49,414,4,1111040,4096,1111037,False,433236,1070,default,bc3a8da5607641b2a2c44a68c9b912ba,2022-05-05_16-24-55,1651739095,0.44881248474121094,621.4485423564911,2851445,sjtu-marl1,192.168.2.51,621.4485423564911,4382720,1070,1.5560460090637207,kuhn_psro_dqn,-2.0,-2.0,2.0,2.0,-0.191,0.191,0.23653344294175271,0.4586529061540495,0.02912532274693356,0.08580049778642805,0.0,0.132,30926857.217,5.79,707462.143,1.285,1111040,1111037,4382720,4096,8765440,1101824,107,8.1,5.5,0.8731736540794373,4096.0,0.0
0.0,0.0,0.0,2.6,418,4,1121280,4096,1121279,False,437151,1080,default,bc3a8da5607641b2a2c44a68c9b912ba,2022-05-05_16-25-01,1651739101,0.46825265884399414,627.483588218689,2851445,sjtu-marl1,192.168.2.51,627.483588218689,4423680,1080,1.5560460090637207,kuhn_psro_dqn,-2.0,-2.0,2.0,2.0,-0.159,0.159,0.23648542897710992,0.4584786028217894,0.029127359180312746,0.08581459442389297,0.0,0.13,31609694.911,5.889,695507.473,1.285,1121280,1121279,4423680,4096,8847360,1112064,108,,,0.8863353729248047,4096.0,0.0
0.0,0.0,0.0,2.681,381,4,1131520,4096,1131519,False,441098,1090,default,bc3a8da5607641b2a2c44a68c9b912ba,2022-05-05_16-25-07,1651739107,0.4561619758605957,633.3028950691223,2851445,sjtu-marl1,192.168.2.51,633.3028950691223,4464640,1090,1.5560460090637207,kuhn_psro_dqn,-2.0,-2.0,2.0,2.0,-0.181,0.181,0.23649439221556587,0.45832890000509613,0.029148349779015297,0.08582692894139263,0.0,0.131,31168122.612,5.856,699412.098,1.378,1131520,1131519,4464640,4096,8929280,1122304,109,,,0.843264102935791,4096.0,0.0
0.0,0.0,0.0,2.512,403,4,1141760,4096,1141757,False,445189,1100,default,bc3a8da5607641b2a2c44a68c9b912ba,2022-05-05_16-25-13,1651739113,0.4655623435974121,639.3292286396027,2851445,sjtu-marl1,192.168.2.51,639.3292286396027,4505600,1100,1.5560460090637207,kuhn_psro_dqn,-2.0,-2.0,2.0,2.0,-0.172,0.172,0.23648102052855227,0.4584891365788178,0.02912578169294659,0.08579749461145261,0.0,0.129,31849961.409,5.824,703329.138,1.332,1141760,1141757,4505600,4096,9011200,1132544,110,,,0.901446521282196,4096.0,0.0
0.0,0.0,0.0,2.491,411,4,1152000,4096,1151997,False,449165,1110,default,bc3a8da5607641b2a2c44a68c9b912ba,2022-05-05_16-25-19,1651739119,0.4471700191497803,645.3769102096558,2851445,sjtu-marl1,192.168.2.51,645.3769102096558,4546560,1110,1.5560460090637207,kuhn_psro_dqn,-2.0,-2.0,2.0,2.0,-0.232,0.232,0.2365677762996143,0.4585571515897065,0.029133901520570066,0.08580247984478875,0.0,0.129,31808682.066,5.764,710649.028,1.386,1152000,1151997,4546560,4096,9093120,1142784,111,7.5,5.5,0.9000881910324097,4096.0,0.0
0.0,0.0,0.0,2.513,418,4,1162240,4096,1162238,False,453118,1120,default,bc3a8da5607641b2a2c44a68c9b912ba,2022-05-05_16-25-27,1651739127,1.5308685302734375,652.6805853843689,2851445,sjtu-marl1,192.168.2.51,652.6805853843689,4587520,1120,1.5560460090637207,kuhn_psro_dqn,-2.0,-2.0,2.0,2.0,-0.233,0.233,0.2366384959141951,0.45883307899364406,0.02913632722860454,0.08582624251607404,0.0,0.131,31310131.555,5.733,714422.851,1.429,1162240,1162238,4587520,4096,9175040,1153024,112,6.4,5.6,0.9020238518714905,4096.0,0.0
0.0,0.0,0.0,2.505,411,4,1172480,4096,1172477,False,457217,1130,default,bc3a8da5607641b2a2c44a68c9b912ba,2022-05-05_16-25-33,1651739133,0.529303789138794,658.7315194606781,2851445,sjtu-marl1,192.168.2.51,658.7315194606781,4628480,1130,1.5560460090637207,kuhn_psro_dqn,-2.0,-2.0,2.0,2.0,-0.144,0.144,0.2366149249896294,0.4587839174153458,0.02913560173603894,0.08581546338896955,0.0,0.134,30596383.231,6.722,609353.512,1.509,1172480,1172477,4628480,4096,9256960,1163264,113,,,0.9158457517623901,4096.0,0.0
0.0,0.0,0.0,2.578,415,4,1182720,4096,1182719,False,461204,1140,default,bc3a8da5607641b2a2c44a68c9b912ba,2022-05-05_16-25-39,1651739139,0.5224571228027344,664.7269876003265,2851445,sjtu-marl1,192.168.2.51,664.7269876003265,4669440,1140,1.5560460090637207,kuhn_psro_dqn,-2.0,-2.0,2.0,2.0,-0.12,0.12,0.2366111020151344,0.45872033036717047,0.029128782901963603,0.08582556590305256,0.0,0.133,30738717.452,6.025,679857.743,1.415,1182720,1182719,4669440,4096,9338880,1173504,114,8.4,5.6,0.9023394584655762,4096.0,0.0
0.0,0.0,0.0,2.663,389,4,1192960,4096,1192959,False,465142,1150,default,bc3a8da5607641b2a2c44a68c9b912ba,2022-05-05_16-25-45,1651739145,0.4671671390533447,670.728926897049,2851445,sjtu-marl1,192.168.2.51,670.728926897049,4710400,1150,1.5560460090637207,kuhn_psro_dqn,-2.0,-2.0,2.0,2.0,-0.056,0.056,0.23666276057564323,0.4586039227403512,0.02915245679611587,0.08585875585367077,0.0,0.134,30607285.202,6.138,667293.409,1.458,1192960,1192959,4710400,4096,9420800,1183744,115,6.8,5.6,0.8405205011367798,4096.0,0.0
0.0,0.0,0.0,2.69,383,4,1203200,4096,1203197,False,468983,1160,default,bc3a8da5607641b2a2c44a68c9b912ba,2022-05-05_16-25-51,1651739151,0.4561951160430908,676.7967219352722,2851445,sjtu-marl1,192.168.2.51,676.7967219352722,4751360,1160,1.5560460090637207,kuhn_psro_dqn,-2.0,-2.0,2.0,2.0,-0.117,0.117,0.2366110912520976,0.4586127072534181,0.029159441641377334,0.08586433489256286,0.0,0.13,31574837.684,5.833,702156.314,1.407,1203200,1203197,4751360,4096,9502720,1193984,116,7.1,5.6,0.864155650138855,4096.0,0.0
0.0,0.0,0.0,2.66,388,4,1213440,4096,1213438,False,472904,1170,default,bc3a8da5607641b2a2c44a68c9b912ba,2022-05-05_16-25-57,1651739157,0.562476634979248,683.0417125225067,2851445,sjtu-marl1,192.168.2.51,683.0417125225067,4792320,1170,1.5560460090637207,kuhn_psro_dqn,-2.0,-2.0,2.0,2.0,-0.151,0.151,0.23656550689221026,0.4586159822897953,0.029158484245431222,0.08586301421954869,0.0,0.127,32274787.12,5.956,687720.186,1.365,1213440,1213438,4792320,4096,9584640,1204224,117,8.6,5.6,0.9363754987716675,4096.0,0.0
0.0,0.0,0.0,2.601,381,4,1223680,4096,1223678,False,476885,1180,default,bc3a8da5607641b2a2c44a68c9b912ba,2022-05-05_16-26-03,1651739163,0.48082613945007324,689.0116922855377,2851445,sjtu-marl1,192.168.2.51,689.0116922855377,4833280,1180,1.5560460090637207,kuhn_psro_dqn,-2.0,-2.0,2.0,2.0,-0.169,0.169,0.23653209182040258,0.45872927775277533,0.029147715383207297,0.0858605175886426,0.0,0.135,30390711.452,6.323,647751.861,1.413,1223680,1223678,4833280,4096,9666560,1214464,118,,,0.9196922779083252,4096.0,0.0
0.0,0.0,0.0,2.465,422,4,1233920,4096,1233917,False,480880,1190,default,bc3a8da5607641b2a2c44a68c9b912ba,2022-05-05_16-26-10,1651739170,0.452617883682251,695.1501665115356,2851445,sjtu-marl1,192.168.2.51,695.1501665115356,4874240,1190,1.5560460090637207,kuhn_psro_dqn,-2.0,-2.0,2.0,2.0,-0.17,0.17,0.23663481861884447,0.4590106071849671,0.029161931553065578,0.08586792193296616,0.0,0.131,31258859.505,5.872,697552.02,1.451,1233920,1233917,4874240,4096,9748480,1224704,119,,,0.8549437522888184,4096.0,0.0
0.0,0.0,0.0,2.524,409,4,1244160,4096,1244158,False,484819,1200,default,bc3a8da5607641b2a2c44a68c9b912ba,2022-05-05_16-26-16,1651739176,0.5383963584899902,701.220196723938,2851445,sjtu-marl1,192.168.2.51,701.220196723938,4915200,1200,1.5560460090637207,kuhn_psro_dqn,-2.0,-2.0,2.0,2.0,-0.15,0.15,0.23666812909476015,0.45905978441619416,0.02915145759004971,0.08588059369818907,0.0,0.137,29945736.768,6.198,660827.741,1.449,1244160,1244158,4915200,4096,9830400,1234944,120,7.6,5.6,0.8744230270385742,4096.0,0.0
0.0,0.0,0.0,2.677,383,4,1254400,4096,1254398,False,488797,1210,default,bc3a8da5607641b2a2c44a68c9b912ba,2022-05-05_16-26-22,1651739182,0.4668388366699219,707.105904340744,2851445,sjtu-marl1,192.168.2.51,707.105904340744,4956160,1210,1.5560460090637207,kuhn_psro_dqn,-2.0,-2.0,2.0,2.0,-0.211,0.211,0.23664396071938273,0.4587475628337543,0.02917177018105348,0.08589830360772341,0.0,0.129,31679640.76,6.056,676367.477,1.416,1254400,1254398,4956160,4096,9912320,1245184,121,,,0.8994104266166687,4096.0,0.0
0.0,0.0,0.0,2.616,383,4,1264640,4096,1264637,False,492803,1220,default,bc3a8da5607641b2a2c44a68c9b912ba,2022-05-05_16-26-28,1651739188,0.5086688995361328,713.2507407665253,2851445,sjtu-marl1,192.168.2.51,713.2507407665253,4997120,1220,1.5560460090637207,kuhn_psro_dqn,-2.0,-2.0,2.0,2.0,-0.128,0.128,0.23667480706046468,0.4589784415731435,0.029163689764348803,0.08590164664911441,0.0,0.13,31615511.932,5.88,696610.15,1.389,1264640,1264637,4997120,4096,9994240,1255424,122,7.7,5.6,0.8944424390792847,4096.0,0.0
0.0,0.0,0.0,2.506,410,4,1274880,4096,1274877,False,496806,1230,default,bc3a8da5607641b2a2c44a68c9b912ba,2022-05-05_16-26-34,1651739194,0.4875495433807373,719.1451392173767,2851445,sjtu-marl1,192.168.2.51,719.1451392173767,5038080,1230,1.5560460090637207,kuhn_psro_dqn,-2.0,-2.0,2.0,2.0,-0.176,0.176,0.23666230324843787,0.45918161199129215,0.029161251175162838,0.08587882250618604,0.0,0.133,30904603.677,6.076,674151.288,1.383,1274880,1274877,5038080,4096,10076160,1265664,123,7.0,5.6,0.909103274345398,4096.0,0.0
0.0,0.0,0.0,2.542,410,4,1285120,4096,1285118,False,500745,1240,default,bc3a8da5607641b2a2c44a68c9b912ba,2022-05-05_16-26-40,1651739200,0.4870939254760742,725.1561117172241,2851445,sjtu-marl1,192.168.2.51,725.1561117172241,5079040,1240,1.5560460090637207,kuhn_psro_dqn,-2.0,-2.0,2.0,2.0,-0.105,0.105,0.23665759849481394,0.45915480041220325,0.029152766183241738,0.08588191957591387,0.0,0.131,31332973.161,5.709,717439.131,1.459,1285120,1285118,5079040,4096,10158080,1275904,124,,,0.8560097813606262,4096.0,0.0
0.0,0.0,0.0,2.67,385,4,1295360,4096,1295357,False,504696,1250,default,bc3a8da5607641b2a2c44a68c9b912ba,2022-05-05_16-26-47,1651739207,1.5682001113891602,732.1066899299622,2851445,sjtu-marl1,192.168.2.51,732.1066899299622,5120000,1250,1.5560460090637207,kuhn_psro_dqn,-2.0,-2.0,2.0,2.0,-0.175,0.175,0.2366975357680426,0.4589349766058082,0.029177433174857506,0.08591400772702255,0.0,0.13,31621331.095,5.298,773143.594,1.356,1295360,1295357,5120000,4096,10240000,1286144,125,6.449999999999999,5.6,0.9333196878433228,4096.0,0.0
0.0,0.0,0.0,2.504,405,4,1305600,4096,1305596,False,508715,1260,default,bc3a8da5607641b2a2c44a68c9b912ba,2022-05-05_16-26-53,1651739213,1.5726184844970703,738.0777320861816,2851445,sjtu-marl1,192.168.2.51,738.0777320861816,5160960,1260,1.5560460090637207,kuhn_psro_dqn,-2.0,-2.0,2.0,2.0,-0.167,0.167,0.23664485113661307,0.45905262000609026,0.02915124489563948,0.0858605629171302,0.0,0.131,31236125.789,5.799,706371.336,1.447,1305600,1305596,5160960,4096,10321920,1296384,126,5.8,5.6,0.8905160427093506,4096.0,0.0
0.0,0.0,0.0,2.475,417,4,1315840,4096,1315839,False,512817,1270,default,bc3a8da5607641b2a2c44a68c9b912ba,2022-05-05_16-26-59,1651739219,0.4453465938568115,744.2321932315826,2851445,sjtu-marl1,192.168.2.51,744.2321932315826,5201920,1270,1.5560460090637207,kuhn_psro_dqn,-2.0,-2.0,2.0,2.0,-0.119,0.119,0.23669446437972472,0.45909190350094614,0.029159049927688002,0.08586494531151115,0.0,0.13,31557437.884,5.952,688166.458,1.323,1315840,1315839,5201920,4096,10403840,1306624,127,,,0.9269007444381714,4096.0,0.0
0.0,0.0,0.0,2.46,418,4,1326080,4096,1326076,False,516792,1280,default,bc3a8da5607641b2a2c44a68c9b912ba,2022-05-05_16-27-05,1651739225,0.47345829010009766,750.27827501297,2851445,sjtu-marl1,192.168.2.51,750.27827501297,5242880,1280,1.5560460090637207,kuhn_psro_dqn,-2.0,-2.0,2.0,2.0,-0.186,0.186,0.2367268570611164,0.4590816207348515,0.029165066803957862,0.08586876885099781,0.0,0.14,29267238.814,6.076,674085.159,1.349,1326080,1326076,5242880,4096,10485760,1316864,128,6.8,5.6,0.9182354807853699,4096.0,0.0
0.0,0.0,0.0,2.577,414,4,1336320,4096,1336318,False,520731,1290,default,bc3a8da5607641b2a2c44a68c9b912ba,2022-05-05_16-27-11,1651739231,0.5532956123352051,756.242190361023,2851445,sjtu-marl1,192.168.2.51,756.242190361023,5283840,1290,1.5560460090637207,kuhn_psro_dqn,-2.0,-2.0,2.0,2.0,-0.07,0.07,0.23668436079589084,0.45900685171068323,0.02915145853519261,0.0858867282056448,0.0,0.132,31004997.625,5.963,686862.326,1.391,1336320,1336318,5283840,4096,10567680,1327104,129,6.6,5.6,0.8945496678352356,4096.0,0.0
0.0,0.0,0.0,2.612,409,4,1346560,4096,1346557,False,524723,1300,default,bc3a8da5607641b2a2c44a68c9b912ba,2022-05-05_16-27-18,1651739238,0.5158021450042725,762.4371886253357,2851445,sjtu-marl1,192.168.2.51,762.4371886253357,5324800,1300,1.5560460090637207,kuhn_psro_dqn,-2.0,-2.0,2.0,2.0,-0.243,0.243,0.2367570575759443,0.458987869418408,0.029158500755679957,0.08590388800085547,0.0,0.129,31703024.883,5.543,738915.927,1.357,1346560,1346557,5324800,4096,10649600,1337344,130,8.2,5.6,0.8436304330825806,4096.0,0.0
0.0,0.0,0.0,2.668,388,4,1356800,4096,1356798,False,528675,1310,default,bc3a8da5607641b2a2c44a68c9b912ba,2022-05-05_16-27-24,1651739244,0.4497840404510498,768.5290298461914,2851445,sjtu-marl1,192.168.2.51,768.5290298461914,5365760,1310,1.5560460090637207,kuhn_psro_dqn,-2.0,-2.0,2.0,2.0,-0.2,0.2,0.23677336995018294,0.45889901144737477,0.029171507155355145,0.08591966807073632,0.0,0.133,30700266.59,5.842,701127.575,1.349,1356800,1356798,5365760,4096,10731520,1347584,131,,,0.8894742727279663,4096.0,0.0
0.0,0.0,0.0,2.51,408,4,1367040,4096,1367037,False,532706,1320,default,bc3a8da5607641b2a2c44a68c9b912ba,2022-05-05_16-27-30,1651739250,0.4504687786102295,774.4793326854706,2851445,sjtu-marl1,192.168.2.51,774.4793326854706,5406720,1320,1.5560460090637207,kuhn_psro_dqn,-2.0,-2.0,2.0,2.0,-0.171,0.171,0.23671844573280465,0.4590013225716296,0.029163050149705317,0.08588300658279963,0.0,0.132,31100414.888,5.851,700087.58,1.316,1367040,1367037,5406720,4096,10813440,1357824,132,9.3,5.5,0.9225889444351196,4096.0,0.0
0.0,0.0,0.0,2.633,390,4,1377280,4096,1377277,False,536641,1330,default,bc3a8da5607641b2a2c44a68c9b912ba,2022-05-05_16-27-36,1651739256,0.46219587326049805,780.4649353027344,2851445,sjtu-marl1,192.168.2.51,780.4649353027344,5447680,1330,1.5560460090637207,kuhn_psro_dqn,-2.0,-2.0,2.0,2.0,-0.205,0.205,0.23668525972956886,0.4588530459661161,0.029153453986259008,0.08588576709884194,0.0,0.138,29610253.678,6.201,660545.711,1.398,1377280,1377277,5447680,4096,10895360,1368064,133,,,0.8933752775192261,4096.0,0.0
0.0,0.0,0.0,2.493,411,4,1387520,4096,1387518,False,540736,1340,default,bc3a8da5607641b2a2c44a68c9b912ba,2022-05-05_16-27-42,1651739262,0.48320794105529785,786.6322863101959,2851445,sjtu-marl1,192.168.2.51,786.6322863101959,5488640,1340,1.5560460090637207,kuhn_psro_dqn,-2.0,-2.0,2.0,2.0,-0.217,0.217,0.23673287915358185,0.45913542960979875,0.029156088046819163,0.08587467049505915,0.0,0.129,31685483.556,6.019,680463.621,1.387,1387520,1387518,5488640,4096,10977280,1378304,134,6.9,5.6,0.882699728012085,4096.0,0.0
0.0,0.0,0.0,2.66,384,4,1397760,4096,1397759,False,544657,1350,default,bc3a8da5607641b2a2c44a68c9b912ba,2022-05-05_16-27-48,1651739268,0.4985966682434082,792.7537434101105,2851445,sjtu-marl1,192.168.2.51,792.7537434101105,5529600,1350,1.5560460090637207,kuhn_psro_dqn,-2.0,-2.0,2.0,2.0,-0.109,0.109,0.23677058122019334,0.4590249925291486,0.02917278827460229,0.08591502567131479,0.0,0.138,29692134.781,6.27,653299.002,1.345,1397760,1397759,5529600,4096,11059200,1388544,135,,,0.9228874444961548,4096.0,0.0
0.0,0.0,0.0,2.665,386,4,1408000,4096,1407999,False,548621,1360,default,bc3a8da5607641b2a2c44a68c9b912ba,2022-05-05_16-27-54,1651739274,0.4585096836090088,798.4848444461823,2851445,sjtu-marl1,192.168.2.51,798.4848444461823,5570560,1360,1.5560460090637207,kuhn_psro_dqn,-2.0,-2.0,2.0,2.0,-0.108,0.108,0.23671784021137263,0.4589351887996754,0.029167428986680805,0.08589571881262094,0.0,0.13,31401698.381,6.241,656268.758,1.538,1408000,1407999,5570560,4096,11141120,1398784,136,,,0.8937031626701355,4096.0,0.0
0.0,0.0,0.0,2.487,414,4,1418240,4096,1418237,False,552698,1370,default,bc3a8da5607641b2a2c44a68c9b912ba,2022-05-05_16-28-00,1651739280,0.5313668251037598,804.511598110199,2851445,sjtu-marl1,192.168.2.51,804.511598110199,5611520,1370,1.5560460090637207,kuhn_psro_dqn,-2.0,-2.0,2.0,2.0,-0.172,0.172,0.23672610074739442,0.45914902540702074,0.029163246813324353,0.08588096157155718,0.0,0.13,31424673.832,5.686,720405.459,1.48,1418240,1418237,5611520,4096,11223040,1409024,137,6.8,5.5,0.931824266910553,4096.0,0.0
0.0,0.0,0.0,2.486,411,4,1428480,4096,1428476,False,556695,1380,default,bc3a8da5607641b2a2c44a68c9b912ba,2022-05-05_16-28-06,1651739286,0.47086572647094727,810.4779229164124,2851445,sjtu-marl1,192.168.2.51,810.4779229164124,5652480,1380,1.5560460090637207,kuhn_psro_dqn,-2.0,-2.0,2.0,2.0,-0.141,0.141,0.23673345280675648,0.4591563460704657,0.02915885522759235,0.08588079052635468,0.0,0.138,29676747.597,6.131,668040.704,1.487,1428480,1428476,5652480,4096,11304960,1419264,138,8.9,5.6,0.8841347694396973,4096.0,0.0
0.0,0.0,0.0,2.478,411,4,1438720,4096,1438718,False,560766,1390,default,bc3a8da5607641b2a2c44a68c9b912ba,2022-05-05_16-28-14,1651739294,1.6303048133850098,817.8920645713806,2851445,sjtu-marl1,192.168.2.51,817.8920645713806,5693440,1390,1.5560460090637207,kuhn_psro_dqn,-2.0,-2.0,2.0,2.0,-0.219,0.219,0.23673300581896178,0.45906165436231616,0.029157868603903993,0.0858787976103481,0.0,0.129,31838156.383,5.535,740058.636,1.294,1438720,1438718,5693440,4096,11386880,1429504,139,6.9,5.3,0.8792885541915894,4096.0,0.0
0.0,0.0,0.0,2.501,412,4,1448960,4096,1448957,False,564749,1400,default,bc3a8da5607641b2a2c44a68c9b912ba,2022-05-05_16-28-20,1651739300,0.46549105644226074,823.7826108932495,2851445,sjtu-marl1,192.168.2.51,823.7826108932495,5734400,1400,1.5560460090637207,kuhn_psro_dqn,-2.0,-2.0,2.0,2.0,-0.198,0.198,0.23667860434093382,0.45902610286253265,0.029145309525267064,0.0858672970966032,0.0,0.131,31304426.356,5.869,697909.067,1.36,1448960,1448957,5734400,4096,11468800,1439744,140,,,0.8897736668586731,4096.0,0.0
0.0,0.0,0.0,2.674,385,4,1459200,4096,1459197,False,568655,1410,default,bc3a8da5607641b2a2c44a68c9b912ba,2022-05-05_16-28-26,1651739306,0.4748516082763672,829.8227620124817,2851445,sjtu-marl1,192.168.2.51,829.8227620124817,5775360,1410,1.5560460090637207,kuhn_psro_dqn,-2.0,-2.0,2.0,2.0,-0.077,0.077,0.23673304522916164,0.4588256311963448,0.029166987614880447,0.08590545669046629,0.0,0.136,30171881.25,5.835,701938.279,1.362,1459200,1459197,5775360,4096,11550720,1449984,141,,,0.889081597328186,4096.0,0.0
0.0,0.0,0.0,2.501,404,4,1469440,4096,1469438,False,572742,1420,default,bc3a8da5607641b2a2c44a68c9b912ba,2022-05-05_16-28-32,1651739312,0.5024881362915039,835.9262204170227,2851445,sjtu-marl1,192.168.2.51,835.9262204170227,5816320,1420,1.5560460090637207,kuhn_psro_dqn,-2.0,-2.0,2.0,2.0,-0.122,0.122,0.23667415374318096,0.4589813555063164,0.029143983744050115,0.08586792306646313,0.0,0.132,30921290.828,6.187,662047.553,1.326,1469440,1469438,5816320,4096,11632640,1460224,142,6.9,5.2,0.875537097454071,4096.0,0.0
0.0,0.0,0.0,2.505,404,4,1479680,4096,1479676,False,576648,1430,default,bc3a8da5607641b2a2c44a68c9b912ba,2022-05-05_16-28-38,1651739318,0.5011351108551025,842.1812314987183,2851445,sjtu-marl1,192.168.2.51,842.1812314987183,5857280,1430,1.5560460090637207,kuhn_psro_dqn,-2.0,-2.0,2.0,2.0,-0.09,0.09,0.23670603801882936,0.4589797297866396,0.029155730994116603,0.08588602328979775,0.0,0.131,31173778.233,5.846,700615.763,1.401,1479680,1479676,5857280,4096,11714560,1470464,143,,,0.8849841356277466,4096.0,0.0
0.0,0.0,0.0,2.493,410,4,1489920,4096,1489918,False,580602,1440,default,bc3a8da5607641b2a2c44a68c9b912ba,2022-05-05_16-28-44,1651739324,0.45327210426330566,848.3324327468872,2851445,sjtu-marl1,192.168.2.51,848.3324327468872,5898240,1440,1.5560460090637207,kuhn_psro_dqn,-2.0,-2.0,2.0,2.0,-0.152,0.152,0.23679210361581815,0.45919839058584005,0.029168876778852586,0.08590964125653362,0.0,0.133,30865736.946,5.637,726587.432,1.374,1489920,1489918,5898240,4096,11796480,1480704,144,,,0.910320520401001,4096.0,0.0
0.0,0.0,0.0,2.508,406,4,1500160,4096,1500157,False,584686,1450,default,bc3a8da5607641b2a2c44a68c9b912ba,2022-05-05_16-28-50,1651739330,0.44835329055786133,854.411066532135,2851445,sjtu-marl1,192.168.2.51,854.411066532135,5939200,1450,1.5560460090637207,kuhn_psro_dqn,-2.0,-2.0,2.0,2.0,-0.15,0.15,0.2367753522422572,0.4592915798703245,0.029162982862937236,0.08591282785717386,0.0,0.134,30466162.766,5.589,732895.179,1.35,1500160,1500157,5939200,4096,11878400,1490944,145,5.9,5.2,0.8731440901756287,4096.0,0.0
0.0,0.0,0.0,2.666,382,4,1510400,4096,1510397,False,588674,1460,default,bc3a8da5607641b2a2c44a68c9b912ba,2022-05-05_16-28-57,1651739337,0.4635140895843506,860.5238847732544,2851445,sjtu-marl1,192.168.2.51,860.5238847732544,5980160,1460,1.5560460090637207,kuhn_psro_dqn,-2.0,-2.0,2.0,2.0,-0.137,0.137,0.23683238742774426,0.45915149879538103,0.029181479403834438,0.08594486970369389,0.0,0.137,29831340.83,5.908,693323.749,1.387,1510400,1510397,5980160,4096,11960320,1501184,146,,,0.9003954529762268,4096.0,0.0
0.0,0.0,0.0,2.523,406,4,1520640,4096,1520637,False,592715,1470,default,bc3a8da5607641b2a2c44a68c9b912ba,2022-05-05_16-29-03,1651739343,0.48018598556518555,866.6585149765015,2851445,sjtu-marl1,192.168.2.51,866.6585149765015,6021120,1470,1.5560460090637207,kuhn_psro_dqn,-2.0,-2.0,2.0,2.0,-0.099,0.099,0.23676538584139,0.4592695357328067,0.02916070539286741,0.08590865650468338,0.0,0.13,31511132.032,5.823,703438.571,1.317,1520640,1520637,6021120,4096,12042240,1511424,147,7.3,5.2,0.8570061326026917,4096.0,0.0
0.0,0.0,0.0,2.689,380,4,1530880,4096,1530876,False,596681,1480,default,bc3a8da5607641b2a2c44a68c9b912ba,2022-05-05_16-29-09,1651739349,0.5067706108093262,872.6913151741028,2851445,sjtu-marl1,192.168.2.51,872.6913151741028,6062080,1480,1.5560460090637207,kuhn_psro_dqn,-2.0,-2.0,2.0,2.0,-0.111,0.111,0.23687158931946456,0.4590943685235965,0.02918511688332993,0.0859534972169989,0.0,0.128,32105903.913,5.548,738334.788,1.308,1530880,1530876,6062080,4096,12124160,1521664,148,,,0.876533567905426,4096.0,0.0
0.0,0.0,0.0,2.497,408,4,1541120,4096,1541118,False,600747,1490,default,bc3a8da5607641b2a2c44a68c9b912ba,2022-05-05_16-29-15,1651739355,0.4979374408721924,878.7009923458099,2851445,sjtu-marl1,192.168.2.51,878.7009923458099,6103040,1490,1.5560460090637207,kuhn_psro_dqn,-2.0,-2.0,2.0,2.0,-0.131,0.131,0.23680705145145356,0.4592832554604606,0.029162860304782642,0.08591113825039405,0.0,0.132,31111679.073,6.174,663405.062,1.399,1541120,1541118,6103040,4096,12206080,1531904,149,8.0,5.2,0.9347606301307678,4096.0,0.0
0.0,0.0,0.0,2.521,416,4,1551360,4096,1551359,False,604662,1500,default,bc3a8da5607641b2a2c44a68c9b912ba,2022-05-05_16-29-21,1651739361,0.47179198265075684,884.6677510738373,2851445,sjtu-marl1,192.168.2.51,884.6677510738373,6144000,1500,1.5560460090637207,kuhn_psro_dqn,-2.0,-2.0,2.0,2.0,-0.209,0.209,0.23680635439792116,0.45927246886428325,0.029159142587073448,0.08591573644860147,0.0,0.133,30788296.029,5.903,693934.257,1.383,1551360,1551359,6144000,4096,12288000,1542144,150,,,0.9209916591644287,4096.0,0.0
0.0,0.0,0.0,2.663,387,4,1561600,4096,1561598,False,608608,1510,default,bc3a8da5607641b2a2c44a68c9b912ba,2022-05-05_16-29-27,1651739367,0.47412633895874023,890.5911090373993,2851445,sjtu-marl1,192.168.2.51,890.5911090373993,6184960,1510,1.5560460090637207,kuhn_psro_dqn,-2.0,-2.0,2.0,2.0,-0.209,0.209,0.23679810604231608,0.4590619168406433,0.029181689699351417,0.08594152757688689,0.0,0.131,31156817.526,5.902,693993.124,1.385,1561600,1561598,6184960,4096,12369920,1552384,151,7.1,5.2,0.8690081238746643,4096.0,0.0
0.0,0.0,0.0,2.656,388,4,1571840,4096,1571839,False,612532,1520,default,bc3a8da5607641b2a2c44a68c9b912ba,2022-05-05_16-29-34,1651739374,1.6903860569000244,897.8470814228058,2851445,sjtu-marl1,192.168.2.51,897.8470814228058,6225920,1520,1.5560460090637207,kuhn_psro_dqn,-2.0,-2.0,2.0,2.0,-0.191,0.191,0.23676764914613727,0.4590588298810544,0.029173142825298023,0.08593265572845482,0.0,0.138,29620464.11,6.549,625397.946,1.435,1571840,1571839,6225920,4096,12451840,1562624,152,7.15,5.2,0.9166686534881592,4096.0,0.0
0.0,0.0,0.0,2.527,406,4,1582080,4096,1582076,False,616570,1530,default,bc3a8da5607641b2a2c44a68c9b912ba,2022-05-05_16-29-41,1651739381,0.46347737312316895,903.9349548816681,2851445,sjtu-marl1,192.168.2.51,903.9349548816681,6266880,1530,1.5560460090637207,kuhn_psro_dqn,-2.0,-2.0,2.0,2.0,-0.157,0.157,0.2367246383106732,0.4591164542494306,0.029161780913337113,0.08591256108756445,0.0,0.13,31407439.093,6.121,669219.531,1.352,1582080,1582076,6266880,4096,12533760,1572864,153,,,0.919048547744751,4096.0,0.0
0.0,0.0,0.0,2.532,413,4,1592320,4096,1592318,False,620506,1540,default,bc3a8da5607641b2a2c44a68c9b912ba,2022-05-05_16-29-47,1651739387,0.5360875129699707,909.9712533950806,2851445,sjtu-marl1,192.168.2.51,909.9712533950806,6307840,1540,1.5560460090637207,kuhn_psro_dqn,-2.0,-2.0,2.0,2.0,-0.252,0.252,0.23672561069067852,0.45912633383702084,0.029152773519459083,0.08590501989646993,0.0,0.131,31384488.827,6.016,680889.728,1.375,1592320,1592318,6307840,4096,12615680,1583104,154,8.7,5.2,0.8639490008354187,4096.0,0.0
0.0,0.0,0.0,2.467,416,4,1602560,4096,1602559,False,624479,1550,default,bc3a8da5607641b2a2c44a68c9b912ba,2022-05-05_16-29-53,1651739393,0.4778141975402832,916.0554525852203,2851445,sjtu-marl1,192.168.2.51,916.0554525852203,6348800,1550,1.5560460090637207,kuhn_psro_dqn,-2.0,-2.0,2.0,2.0,-0.197,0.197,0.2367497311142092,0.4592143758487422,0.029164877297684952,0.08590029060045869,0.0,0.131,31236125.789,6.244,655975.578,1.425,1602560,1602559,6348800,4096,12697600,1593344,155,8.0,5.2,0.8441011309623718,4096.0,0.0
0.0,0.0,0.0,2.603,411,4,1612800,4096,1612797,False,628449,1560,default,bc3a8da5607641b2a2c44a68c9b912ba,2022-05-05_16-29-59,1651739399,0.5077738761901855,922.3067717552185,2851445,sjtu-marl1,192.168.2.51,922.3067717552185,6389760,1560,1.5560460090637207,kuhn_psro_dqn,-2.0,-2.0,2.0,2.0,-0.211,0.211,0.2367297794631396,0.4591832928930136,0.029161190857565758,0.08591827550642099,0.0,0.135,30299592.917,6.406,639415.112,1.367,1612800,1612797,6389760,4096,12779520,1603584,156,7.5,5.2,0.8942097425460815,4096.0,0.0
0.0,0.0,0.0,2.573,385,4,1623040,4096,1623039,False,632506,1570,default,bc3a8da5607641b2a2c44a68c9b912ba,2022-05-05_16-30-05,1651739405,0.5461633205413818,928.4179418087006,2851445,sjtu-marl1,192.168.2.51,928.4179418087006,6430720,1570,1.5560460090637207,kuhn_psro_dqn,-2.0,-2.0,2.0,2.0,-0.202,0.202,0.23674340690940676,0.4593054999085626,0.029156456797292868,0.08592407747726916,0.0,0.136,30108428.293,6.136,667542.321,1.571,1623040,1623039,6430720,4096,12861440,1613824,157,,,0.8753693103790283,4096.0,0.0
0.0,0.0,0.0,2.499,405,4,1633280,4096,1633276,False,636514,1580,default,bc3a8da5607641b2a2c44a68c9b912ba,2022-05-05_16-30-11,1651739411,0.43491363525390625,934.4543764591217,2851445,sjtu-marl1,192.168.2.51,934.4543764591217,6471680,1580,1.5560460090637207,kuhn_psro_dqn,-2.0,-2.0,2.0,2.0,-0.105,0.105,0.2367855014615049,0.45938515586780115,0.029168677232633663,0.08591568611088102,0.0,0.131,31355848.118,5.764,710660.787,1.332,1633280,1633276,6471680,4096,12943360,1624064,158,8.3,5.2,0.8971049189567566,4096.0,0.0
0.0,0.0,0.0,2.551,399,4,1643520,4096,1643518,False,640463,1590,default,bc3a8da5607641b2a2c44a68c9b912ba,2022-05-05_16-30-17,1651739417,0.45047831535339355,940.2557761669159,2851445,sjtu-marl1,192.168.2.51,940.2557761669159,6512640,1590,1.5560460090637207,kuhn_psro_dqn,-2.0,-2.0,2.0,2.0,-0.151,0.151,0.23669716255405407,0.45923684093116357,0.0291522671412134,0.08591315726900758,0.0,0.132,30949142.828,6.031,679161.643,1.361,1643520,1643518,6512640,4096,13025280,1634304,159,7.7,5.2,0.8825668096542358,4096.0,0.0
0.0,0.0,0.0,2.515,407,4,1653760,4096,1653756,False,644457,1600,default,bc3a8da5607641b2a2c44a68c9b912ba,2022-05-05_16-30-23,1651739423,0.4742143154144287,946.2088179588318,2851445,sjtu-marl1,192.168.2.51,946.2088179588318,6553600,1600,1.5560460090637207,kuhn_psro_dqn,-2.0,-2.0,2.0,2.0,-0.173,0.173,0.23667361680497398,0.45915321779643237,0.029149089592651885,0.08589951315021689,0.0,0.132,31061054.392,5.727,715208.036,1.357,1653760,1653756,6553600,4096,13107200,1644544,160,7.0,5.2,0.8542386293411255,4096.0,0.0
0.0,0.0,0.0,2.662,384,4,1664000,4096,1663996,False,648405,1610,default,bc3a8da5607641b2a2c44a68c9b912ba,2022-05-05_16-30-29,1651739429,0.4479665756225586,952.3420367240906,2851445,sjtu-marl1,192.168.2.51,952.3420367240906,6594560,1610,1.5560460090637207,kuhn_psro_dqn,-2.0,-2.0,2.0,2.0,-0.25,0.25,0.23673296931095095,0.4590574137666341,0.029177869799645366,0.08593879577816432,0.0,0.133,30777264.751,5.828,702819.858,1.391,1664000,1663996,6594560,4096,13189120,1654784,161,5.2,5.2,0.9135949611663818,4096.0,0.0
0.0,0.0,0.0,2.632,406,4,1674240,4096,1674238,False,652414,1620,default,bc3a8da5607641b2a2c44a68c9b912ba,2022-05-05_16-30-36,1651739436,0.4630131721496582,958.3934557437897,2851445,sjtu-marl1,192.168.2.51,958.3934557437897,6635520,1620,1.5560460090637207,kuhn_psro_dqn,-2.0,-2.0,2.0,2.0,-0.202,0.202,0.23668803998502982,0.45899500715874364,0.02916476520985767,0.08592077614814377,0.0,0.132,31128590.658,6.007,681868.014,1.317,1674240,1674238,6635520,4096,13271040,1665024,162,5.3,5.2,0.879298985004425,4096.0,0.0
0.0,0.0,0.0,2.516,403,4,1684480,4096,1684476,False,656458,1630,default,bc3a8da5607641b2a2c44a68c9b912ba,2022-05-05_16-30-42,1651739442,0.536020040512085,964.513117313385,2851445,sjtu-marl1,192.168.2.51,964.513117313385,6676480,1630,1.5560460090637207,kuhn_psro_dqn,-2.0,-2.0,2.0,2.0,-0.149,0.149,0.23668753056757874,0.4591914308980091,0.02915460959885018,0.08590366669920114,0.0,0.13,31453440.469,5.938,689749.6,1.411,1684480,1684476,6676480,4096,13352960,1675264,163,,,0.9022553563117981,4096.0,0.0
0.0,0.0,0.0,2.675,383,4,1694720,4096,1694719,False,660372,1640,default,bc3a8da5607641b2a2c44a68c9b912ba,2022-05-05_16-30-48,1651739448,0.46857118606567383,970.5100145339966,2851445,sjtu-marl1,192.168.2.51,970.5100145339966,6717440,1640,1.5560460090637207,kuhn_psro_dqn,-2.0,-2.0,2.0,2.0,-0.201,0.201,0.23672873367978775,0.4589238168074548,0.029183057185556797,0.0859416400061266,0.0,0.131,31367298.127,6.206,659969.697,1.33,1694720,1694719,6717440,4096,13434880,1685504,164,6.3,5.2,0.899401068687439,4096.0,0.0
0.0,0.0,0.0,2.495,412,4,1704960,4096,1704957,False,664419,1650,default,bc3a8da5607641b2a2c44a68c9b912ba,2022-05-05_16-30-55,1651739455,1.6629254817962646,977.9551758766174,2851445,sjtu-marl1,192.168.2.51,977.9551758766174,6758400,1650,1.5560460090637207,kuhn_psro_dqn,-2.0,-2.0,2.0,2.0,-0.133,0.133,0.23668095554841534,0.4591699745002813,0.0291547372109668,0.08590019818489253,0.0,0.128,31938778.925,5.807,705411.309,1.287,1704960,1704957,6758400,4096,13516800,1695744,165,5.8,5.2,0.9173855185508728,4096.0,0.0
0.0,0.0,0.0,2.516,405,4,1715200,4096,1715199,False,668390,1660,default,bc3a8da5607641b2a2c44a68c9b912ba,2022-05-05_16-31-02,1651739462,0.5064661502838135,984.534854888916,2851445,sjtu-marl1,192.168.2.51,984.534854888916,6799360,1660,1.5560460090637207,kuhn_psro_dqn,-2.0,-2.0,2.0,2.0,-0.207,0.207,0.23669302776224266,0.45918143021823493,0.029155020181028335,0.08590083110729538,0.0,0.13,31436174.17,5.987,684113.52,1.307,1715200,1715199,6799360,4096,13598720,1705984,166,,,0.9000902771949768,4096.0,0.0
0.0,0.0,0.0,2.503,404,4,1725440,4096,1725438,False,672509,1670,default,bc3a8da5607641b2a2c44a68c9b912ba,2022-05-05_16-31-08,1651739468,0.4869544506072998,990.6022915840149,2851445,sjtu-marl1,192.168.2.51,990.6022915840149,6840320,1670,1.5560460090637207,kuhn_psro_dqn,-2.0,-2.0,2.0,2.0,-0.16,0.16,0.23673996241140288,0.45919863051778465,0.029157677741909405,0.08590293438822666,0.0,0.132,31128590.658,6.045,677634.697,1.328,1725440,1725438,6840320,4096,13680640,1716224,167,,,0.9438390731811523,4096.0,0.0
0.0,0.0,0.0,2.494,412,4,1735680,4096,1735677,False,676579,1680,default,bc3a8da5607641b2a2c44a68c9b912ba,2022-05-05_16-31-14,1651739474,0.4791738986968994,996.8515000343323,2851445,sjtu-marl1,192.168.2.51,996.8515000343323,6881280,1680,1.5560460090637207,kuhn_psro_dqn,-2.0,-2.0,2.0,2.0,-0.201,0.201,0.23678193935200095,0.4592953361519295,0.029164781130475836,0.08591222676543417,0.0,0.141,29049491.349,6.374,642634.492,1.419,1735680,1735677,6881280,4096,13762560,1726464,168,7.4,5.2,0.9101287126541138,4096.0,0.0
0.0,0.0,0.0,2.675,383,4,1745920,4096,1745918,False,680523,1690,default,bc3a8da5607641b2a2c44a68c9b912ba,2022-05-05_16-31-21,1651739481,0.5596568584442139,1003.0493340492249,2851445,sjtu-marl1,192.168.2.51,1003.0493340492249,6922240,1690,1.5560460090637207,kuhn_psro_dqn,-2.0,-2.0,2.0,2.0,-0.184,0.184,0.23678275206713464,0.45908556511965104,0.02917882219147427,0.0859383973376234,0.0,0.13,31470725.745,5.916,692384.884,1.268,1745920,1745918,6922240,4096,13844480,1736704,169,7.7,5.2,0.8881545066833496,4096.0,0.0
0.0,0.0,0.0,2.614,385,4,1756160,4096,1756156,False,684496,1700,default,bc3a8da5607641b2a2c44a68c9b912ba,2022-05-05_16-31-27,1651739487,0.481273889541626,1009.1699695587158,2851445,sjtu-marl1,192.168.2.51,1009.1699695587158,6963200,1700,1.5560460090637207,kuhn_psro_dqn,-2.0,-2.0,2.0,2.0,-0.052,0.052,0.23675147177809525,0.45914678661100256,0.029162982188261417,0.08592915965631201,0.0,0.132,31122951.42,5.968,686321.766,1.414,1756160,1756156,6963200,4096,13926400,1746944,170,,,0.8846849203109741,4096.0,0.0
0.0,0.0,0.0,2.513,406,4,1766400,4096,1766399,False,688496,1710,default,bc3a8da5607641b2a2c44a68c9b912ba,2022-05-05_16-31-33,1651739493,0.5087335109710693,1015.2369666099548,2851445,sjtu-marl1,192.168.2.51,1015.2369666099548,7004160,1710,1.5560460090637207,kuhn_psro_dqn,-2.0,-2.0,2.0,2.0,-0.177,0.177,0.2367158142010486,0.4592402038836227,0.029153459870455437,0.08590309683550282,0.0,0.131,31281626.336,6.295,650710.719,1.419,1766400,1766399,7004160,4096,14008320,1757184,171,6.6,5.2,0.9009612202644348,4096.0,0.0
0.0,0.0,0.0,2.503,411,4,1776640,4096,1776637,False,692491,1720,default,bc3a8da5607641b2a2c44a68c9b912ba,2022-05-05_16-31-39,1651739499,0.5255639553070068,1021.5596976280212,2851445,sjtu-marl1,192.168.2.51,1021.5596976280212,7045120,1720,1.5560460090637207,kuhn_psro_dqn,-2.0,-2.0,2.0,2.0,-0.148,0.148,0.23678604688991656,0.4592852224329951,0.029169772278155672,0.08592590380390355,0.0,0.139,29432703.759,6.059,675973.606,1.42,1776640,1776637,7045120,4096,14090240,1767424,172,,,0.8877925276756287,4096.0,0.0
0.0,0.0,0.0,2.48,413,4,1786880,4096,1786879,False,696464,1730,default,bc3a8da5607641b2a2c44a68c9b912ba,2022-05-05_16-31-46,1651739506,0.531968355178833,1027.6798429489136,2851445,sjtu-marl1,192.168.2.51,1027.6798429489136,7086080,1730,1.5560460090637207,kuhn_psro_dqn,-2.0,-2.0,2.0,2.0,-0.186,0.186,0.23680645160206426,0.45931693431862425,0.02916910362958852,0.08592662263068172,0.0,0.132,30932425.61,5.647,725323.577,1.353,1786880,1786879,7086080,4096,14172160,1777664,173,8.5,5.2,0.898264467716217,4096.0,0.0
0.0,0.0,0.0,2.167,471,4,1797120,4096,1797116,False,700705,1740,default,bc3a8da5607641b2a2c44a68c9b912ba,2022-05-05_16-31-52,1651739512,0.47048282623291016,1033.8333489894867,2851445,sjtu-marl1,192.168.2.51,1033.8333489894867,7127040,1740,1.5560460090637207,kuhn_psro_dqn,-2.0,-2.0,2.0,2.0,0.019,-0.019,0.23698125715055499,0.45908951058562636,0.02918101695959159,0.08591252455092616,0.0,0.132,30921290.828,5.731,714752.775,1.363,1797120,1797116,7127040,4096,14254080,1787904,174,,,0.9219127297401428,4096.0,0.0
0.0,0.0,0.0,2.501,410,4,1807360,4096,1807359,False,704720,1750,default,bc3a8da5607641b2a2c44a68c9b912ba,2022-05-05_16-31-58,1651739518,0.4931004047393799,1040.055176973343,2851445,sjtu-marl1,192.168.2.51,1040.055176973343,7168000,1750,1.5560460090637207,kuhn_psro_dqn,-2.0,-2.0,2.0,2.0,-0.167,0.167,0.23682724973109687,0.45921721958475514,0.02916041001312179,0.08592049020893955,0.0,0.132,31055439.595,5.598,731634.231,1.317,1807360,1807359,7168000,4096,14336000,1798144,175,8.0,5.2,0.9013398885726929,4096.0,0.0
0.0,0.0,0.0,2.509,405,4,1817600,4096,1817597,False,708819,1760,default,bc3a8da5607641b2a2c44a68c9b912ba,2022-05-05_16-32-04,1651739524,0.4705479145050049,1046.2722337245941,2851445,sjtu-marl1,192.168.2.51,1046.2722337245941,7208960,1760,1.5560460090637207,kuhn_psro_dqn,-2.0,-2.0,2.0,2.0,-0.144,0.144,0.23681322210490852,0.45914861369393595,0.029153289095810338,0.0859135619436942,0.0,0.134,30612739.102,5.84,701390.92,1.352,1817600,1817597,7208960,4096,14417920,1808384,176,7.4,5.2,0.941498875617981,4096.0,0.0
