episode_reward_max,episode_reward_min,episode_reward_mean,episode_len_mean,episodes_this_iter,num_healthy_workers,timesteps_total,timesteps_this_iter,agent_timesteps_total,done,episodes_total,training_iteration,trial_id,experiment_id,date,timestamp,time_this_iter_s,time_total_s,pid,hostname,node_ip,time_since_restore,timesteps_since_restore,iterations_since_restore,warmup_time,scenario_name,policy_reward_min/best_response,policy_reward_min/metanash,policy_reward_max/best_response,policy_reward_max/metanash,policy_reward_mean/best_response,policy_reward_mean/metanash,sampler_perf/mean_raw_obs_processing_ms,sampler_perf/mean_inference_ms,sampler_perf/mean_action_processing_ms,sampler_perf/mean_env_wait_ms,sampler_perf/mean_env_render_ms,timers/load_time_ms,timers/load_throughput,timers/learn_time_ms,timers/learn_throughput,timers/update_time_ms,info/num_steps_sampled,info/num_agent_steps_sampled,info/num_steps_trained,info/num_steps_trained_this_iter,info/num_agent_steps_trained,info/last_target_update_ts,info/num_target_updates,info/learner/best_response/loss,info/learner/best_response/num_agent_steps_trained,info/learner/best_response/learner_stats/allreduce_latency
0.0,0.0,0.0,2.628,391,4,25600,4096,25599,False,9508,10,default,17d30577442b47ac905bc5a3eb0f3a2f,2022-05-05_16-14-44,1651738484,0.4144599437713623,9.094865798950195,2851732,sjtu-marl1,192.168.2.51,9.094865798950195,40960,10,1.601977825164795,kuhn_psro_dqn,-2.0,-2.0,2.0,2.0,-0.142,0.142,0.21501381262530134,0.4252430721672128,0.027934641835327796,0.08187540016403697,0.0,0.136,30013747.701,6.649,616037.507,1.321,25600,25599,40960,4096,81920,16384,1,1.0343130826950073,4096.0,0.0
0.0,0.0,0.0,2.35,440,4,35840,4096,35836,False,13858,20,default,17d30577442b47ac905bc5a3eb0f3a2f,2022-05-05_16-14-50,1651738490,0.6202929019927979,14.644091606140137,2851732,sjtu-marl1,192.168.2.51,14.644091606140137,81920,20,1.601977825164795,kuhn_psro_dqn,-2.0,-2.0,2.0,2.0,0.077,-0.077,0.22616326247972177,0.4297696544817718,0.02829300121687866,0.08316866514605008,0.0,0.133,30782779.402,6.153,665646.46,1.354,35840,35836,81920,4096,163840,26624,2,0.6981297135353088,4096.0,0.0
0.0,0.0,0.0,2.353,435,4,46080,4096,46077,False,18215,30,default,17d30577442b47ac905bc5a3eb0f3a2f,2022-05-05_16-14-55,1651738495,0.43935251235961914,19.989381313323975,2851732,sjtu-marl1,192.168.2.51,19.989381313323975,122880,30,1.601977825164795,kuhn_psro_dqn,-2.0,-2.0,2.0,2.0,0.09,-0.09,0.23444675156094621,0.43614462136321813,0.028732107673986092,0.08443699253353924,0.0,0.134,30498613.854,5.825,703231.253,1.319,46080,46077,122880,4096,245760,36864,3,0.6086568832397461,4096.0,0.0
0.0,0.0,0.0,2.351,435,4,56320,4096,56318,False,22542,40,default,17d30577442b47ac905bc5a3eb0f3a2f,2022-05-05_16-15-01,1651738501,0.6902105808258057,25.686595678329468,2851732,sjtu-marl1,192.168.2.51,25.686595678329468,163840,40,1.601977825164795,kuhn_psro_dqn,-2.0,-2.0,2.0,2.0,0.106,-0.106,0.23861059370925042,0.43902178516757967,0.028917302161898292,0.08507825714679074,0.0,0.139,29503467.601,6.178,663046.61,1.424,56320,56318,163840,4096,327680,47104,4,0.5796259045600891,4096.0,0.0
0.0,0.0,0.0,2.357,442,4,66560,4096,66557,False,26879,50,default,17d30577442b47ac905bc5a3eb0f3a2f,2022-05-05_16-15-06,1651738506,0.4412190914154053,31.303248167037964,2851732,sjtu-marl1,192.168.2.51,31.303248167037964,204800,50,1.601977825164795,kuhn_psro_dqn,-2.0,-2.0,2.0,2.0,0.24,-0.24,0.24223766122845394,0.4418553910283101,0.029082589038461795,0.08567050556050394,0.0,0.134,30498613.854,6.158,665143.916,1.341,66560,66557,204800,4096,409600,57344,5,0.5294138193130493,4096.0,0.0
0.0,0.0,0.0,2.337,438,4,76800,4096,76798,False,31222,60,default,17d30577442b47ac905bc5a3eb0f3a2f,2022-05-05_16-15-12,1651738512,0.48216915130615234,36.87034869194031,2851732,sjtu-marl1,192.168.2.51,36.87034869194031,245760,60,1.601977825164795,kuhn_psro_dqn,-2.0,-2.0,2.0,2.0,0.166,-0.166,0.24463592903107684,0.44322200872075873,0.029175832582343457,0.08598931782014221,0.0,0.136,30219646.762,6.122,669084.002,1.319,76800,76798,245760,4096,491520,67584,6,0.5165453553199768,4096.0,0.0
0.0,0.0,0.0,2.326,443,4,87040,4096,87038,False,35610,70,default,17d30577442b47ac905bc5a3eb0f3a2f,2022-05-05_16-15-18,1651738518,0.4541327953338623,42.3297381401062,2851732,sjtu-marl1,192.168.2.51,42.3297381401062,286720,70,1.601977825164795,kuhn_psro_dqn,-2.0,-2.0,2.0,2.0,0.168,-0.168,0.24581232460524982,0.44294183152586936,0.029143337798392562,0.08599884098903707,0.0,0.134,30520286.346,6.225,658025.8,1.371,87040,87038,286720,4096,573440,77824,7,0.5123709440231323,4096.0,0.0
0.0,0.0,0.0,2.313,440,4,97280,4096,97279,False,39997,80,default,17d30577442b47ac905bc5a3eb0f3a2f,2022-05-05_16-15-23,1651738523,0.741309642791748,47.97366523742676,2851732,sjtu-marl1,192.168.2.51,47.97366523742676,327680,80,1.601977825164795,kuhn_psro_dqn,-2.0,-2.0,2.0,2.0,0.097,-0.097,0.24618073474351188,0.442022694697609,0.029090936345021613,0.08589544702477733,0.0,0.133,30782779.402,6.226,657839.344,1.311,97280,97279,327680,4096,655360,88064,8,0.5107861757278442,4096.0,0.0
0.0,0.0,0.0,2.336,438,4,107520,4096,107517,False,44375,90,default,17d30577442b47ac905bc5a3eb0f3a2f,2022-05-05_16-15-29,1651738529,0.7933449745178223,53.86706209182739,2851732,sjtu-marl1,192.168.2.51,53.86706209182739,368640,90,1.601977825164795,kuhn_psro_dqn,-2.0,-2.0,2.0,2.0,0.181,-0.181,0.24717610191729905,0.44244205423276967,0.02907901827960491,0.08594537918010815,0.0,0.135,30444567.046,6.031,679150.904,1.267,107520,107517,368640,4096,737280,98304,9,0.49338266253471375,4096.0,0.0
0.0,0.0,0.0,2.336,436,4,117760,4096,117758,False,48755,100,default,17d30577442b47ac905bc5a3eb0f3a2f,2022-05-05_16-15-35,1651738535,0.4523787498474121,59.34338188171387,2851732,sjtu-marl1,192.168.2.51,59.34338188171387,409600,100,1.601977825164795,kuhn_psro_dqn,-2.0,-2.0,2.0,2.0,0.148,-0.148,0.24711891818767082,0.44341441078149624,0.029000808802015138,0.08577064248056084,0.0,0.136,30134834.562,6.064,675468.632,1.299,117760,117758,409600,4096,819200,108544,10,0.48412349820137024,4096.0,0.0
0.0,0.0,0.0,2.357,431,4,128000,4096,127998,False,53130,110,default,17d30577442b47ac905bc5a3eb0f3a2f,2022-05-05_16-15-41,1651738541,0.7497668266296387,65.10162329673767,2851732,sjtu-marl1,192.168.2.51,65.10162329673767,450560,110,1.601977825164795,kuhn_psro_dqn,-1.0,-2.0,2.0,1.0,0.203,-0.203,0.2469103696332157,0.44200717006176243,0.028926878261403832,0.08560154140852061,0.0,0.134,30552852.897,5.904,693715.695,1.423,128000,127998,450560,4096,901120,118784,11,0.48959752917289734,4096.0,0.0
0.0,0.0,0.0,2.356,431,4,138240,4096,138236,False,57509,120,default,17d30577442b47ac905bc5a3eb0f3a2f,2022-05-05_16-15-46,1651738546,0.49794769287109375,70.69255375862122,2851732,sjtu-marl1,192.168.2.51,70.69255375862122,491520,120,1.601977825164795,kuhn_psro_dqn,-1.0,-2.0,2.0,1.0,0.209,-0.209,0.24859057556706957,0.44386958189366205,0.02905369098623211,0.08596659215072505,0.0,0.135,30444567.046,6.282,652027.037,1.369,138240,138236,491520,4096,983040,129024,12,0.48104846477508545,4096.0,0.0
0.0,0.0,0.0,2.315,442,4,148480,4096,148480,False,61912,130,default,17d30577442b47ac905bc5a3eb0f3a2f,2022-05-05_16-15-52,1651738552,0.48771142959594727,76.43588280677795,2851732,sjtu-marl1,192.168.2.51,76.43588280677795,532480,130,1.601977825164795,kuhn_psro_dqn,-1.0,-2.0,2.0,1.0,0.1,-0.1,0.24869322848742148,0.44307687557371,0.029016615226752612,0.08589986844896523,0.0,0.133,30843571.246,5.844,700913.037,1.284,148480,148480,532480,4096,1064960,139264,13,0.47836703062057495,4096.0,0.0
0.0,0.0,0.0,2.336,434,4,158720,4096,158718,False,66282,140,default,17d30577442b47ac905bc5a3eb0f3a2f,2022-05-05_16-15-58,1651738558,0.46759676933288574,81.92231917381287,2851732,sjtu-marl1,192.168.2.51,81.92231917381287,573440,140,1.601977825164795,kuhn_psro_dqn,-1.0,-2.0,2.0,1.0,0.157,-0.157,0.24870113926152979,0.4426316854079693,0.02900182720189882,0.08587168956276785,0.0,0.134,30661911.804,5.935,690201.284,1.366,158720,158718,573440,4096,1146880,149504,14,0.4734085500240326,4096.0,0.0
0.0,0.0,0.0,2.346,436,4,168960,4096,168957,False,70661,150,default,17d30577442b47ac905bc5a3eb0f3a2f,2022-05-05_16-16-03,1651738563,0.8203344345092773,87.6761360168457,2851732,sjtu-marl1,192.168.2.51,87.6761360168457,614400,150,1.601977825164795,kuhn_psro_dqn,-1.0,-2.0,2.0,1.0,0.208,-0.208,0.24881431033342005,0.4422542796773456,0.02898487797058182,0.08585205659205619,0.0,0.134,30547420.313,6.124,668826.127,1.423,168960,168957,614400,4096,1228800,159744,15,0.4608355164527893,4096.0,0.0
0.0,0.0,0.0,2.323,439,4,179200,4096,179198,False,75029,160,default,17d30577442b47ac905bc5a3eb0f3a2f,2022-05-05_16-16-09,1651738569,0.4751114845275879,93.23587274551392,2851732,sjtu-marl1,192.168.2.51,93.23587274551392,655360,160,1.601977825164795,kuhn_psro_dqn,-1.0,-2.0,2.0,1.0,0.137,-0.137,0.24891455335498391,0.441926824299877,0.02897384667940046,0.08583512666804799,0.0,0.133,30843571.246,6.09,672557.232,1.494,179200,179198,655360,4096,1310720,169984,16,0.4600452184677124,4096.0,0.0
0.0,0.0,0.0,2.343,434,4,189440,4096,189439,False,79402,170,default,17d30577442b47ac905bc5a3eb0f3a2f,2022-05-05_16-16-15,1651738575,0.46325063705444336,98.79567909240723,2851732,sjtu-marl1,192.168.2.51,98.79567909240723,696320,170,1.601977825164795,kuhn_psro_dqn,-1.0,-2.0,2.0,1.0,0.162,-0.162,0.24884179044011617,0.4412908305619351,0.028936373520402434,0.08573761209434122,0.0,0.135,30283569.864,6.111,670321.436,1.282,189440,189439,696320,4096,1392640,180224,17,0.45877504348754883,4096.0,0.0
0.0,0.0,0.0,2.305,445,4,199680,4096,199678,False,83806,180,default,17d30577442b47ac905bc5a3eb0f3a2f,2022-05-05_16-16-20,1651738580,0.44318532943725586,104.29265785217285,2851732,sjtu-marl1,192.168.2.51,104.29265785217285,737280,180,1.601977825164795,kuhn_psro_dqn,-1.0,-2.0,2.0,1.0,0.113,-0.113,0.24945155007264372,0.4415285115460509,0.02896000760904814,0.08581314967741813,0.0,0.137,29805463.539,5.908,693267.793,1.331,199680,199678,737280,4096,1474560,190464,18,0.46061229705810547,4096.0,0.0
0.0,0.0,0.0,2.377,433,4,209920,4096,209917,False,88178,190,default,17d30577442b47ac905bc5a3eb0f3a2f,2022-05-05_16-16-26,1651738586,0.5472640991210938,109.92455244064331,2851732,sjtu-marl1,192.168.2.51,109.92455244064331,778240,190,1.601977825164795,kuhn_psro_dqn,-1.0,-2.0,2.0,1.0,0.278,-0.278,0.24929932496710286,0.44096093642861384,0.028920623599433207,0.08570995030879609,0.0,0.141,28966226.916,6.127,668539.832,1.338,209920,209917,778240,4096,1556480,200704,19,0.46294325590133667,4096.0,0.0
0.0,0.0,0.0,2.339,439,4,220160,4096,220156,False,92549,200,default,17d30577442b47ac905bc5a3eb0f3a2f,2022-05-05_16-16-32,1651738592,0.5111308097839355,115.71366739273071,2851732,sjtu-marl1,192.168.2.51,115.71366739273071,819200,200,1.601977825164795,kuhn_psro_dqn,-1.0,-2.0,2.0,1.0,0.178,-0.178,0.24959312210847298,0.4420904944436204,0.02894178200051701,0.08577120181448435,0.0,0.143,28628343.916,6.043,677837.893,1.312,220160,220156,819200,4096,1638400,210944,20,0.46076056361198425,4096.0,0.0
0.0,0.0,0.0,2.35,434,4,230400,4096,230398,False,96932,210,default,17d30577442b47ac905bc5a3eb0f3a2f,2022-05-05_16-16-37,1651738597,0.4472949504852295,121.33148169517517,2851732,sjtu-marl1,192.168.2.51,121.33148169517517,860160,210,1.601977825164795,kuhn_psro_dqn,-2.0,-2.0,2.0,2.0,0.221,-0.221,0.2498877994744221,0.4424279117444016,0.02894838028738366,0.08578538943797451,0.0,0.135,30288908.999,6.083,673308.454,1.366,230400,230398,860160,4096,1720320,221184,21,0.436936616897583,4096.0,0.0
0.0,0.0,0.0,2.34,437,4,240640,4096,240640,False,101318,220,default,17d30577442b47ac905bc5a3eb0f3a2f,2022-05-05_16-16-43,1651738603,0.47174644470214844,127.13976001739502,2851732,sjtu-marl1,192.168.2.51,127.13976001739502,901120,220,1.601977825164795,kuhn_psro_dqn,-1.0,-2.0,2.0,1.0,0.225,-0.225,0.24991278908902348,0.4420780518774581,0.028931984721918966,0.0857569949629105,0.0,0.137,29924872.294,6.396,640370.851,1.273,240640,240640,901120,4096,1802240,231424,22,0.4563118815422058,4096.0,0.0
0.0,0.0,0.0,2.347,441,4,250880,4096,250877,False,105703,230,default,17d30577442b47ac905bc5a3eb0f3a2f,2022-05-05_16-16-49,1651738609,0.4532642364501953,132.33370804786682,2851732,sjtu-marl1,192.168.2.51,132.33370804786682,942080,230,1.601977825164795,kuhn_psro_dqn,-2.0,-2.0,2.0,2.0,0.208,-0.208,0.24996590864358892,0.441758775718557,0.02891463643589044,0.08572237692053855,0.0,0.137,29909243.008,6.084,673253.043,1.319,250880,250877,942080,4096,1884160,241664,23,0.45840755105018616,4096.0,0.0
0.0,0.0,0.0,2.339,435,4,261120,4096,261117,False,110091,240,default,17d30577442b47ac905bc5a3eb0f3a2f,2022-05-05_16-16-55,1651738615,0.4383575916290283,138.3269944190979,2851732,sjtu-marl1,192.168.2.51,138.3269944190979,983040,240,1.601977825164795,kuhn_psro_dqn,-1.0,-2.0,2.0,1.0,0.162,-0.162,0.25037936024132945,0.4420796801430424,0.028941681371304328,0.08579530145691035,0.0,0.139,29392419.476,6.024,679895.41,1.386,261120,261117,983040,4096,1966080,251904,24,0.4489676356315613,4096.0,0.0
0.0,0.0,0.0,2.356,435,4,271360,4096,271358,False,114494,250,default,17d30577442b47ac905bc5a3eb0f3a2f,2022-05-05_16-17-01,1651738621,0.4748525619506836,144.46335315704346,2851732,sjtu-marl1,192.168.2.51,144.46335315704346,1024000,250,1.601977825164795,kuhn_psro_dqn,-1.0,-2.0,2.0,1.0,0.203,-0.203,0.25110374720360246,0.4430324106456241,0.029012272195485637,0.08596644409082169,0.0,0.136,30061013.445,5.738,713811.366,1.352,271360,271358,1024000,4096,2048000,262144,25,0.4468553066253662,4096.0,0.0
0.0,0.0,0.0,2.344,437,4,281600,4096,281599,False,118890,260,default,17d30577442b47ac905bc5a3eb0f3a2f,2022-05-05_16-17-06,1651738626,0.4974997043609619,149.83726739883423,2851732,sjtu-marl1,192.168.2.51,149.83726739883423,1064960,260,1.601977825164795,kuhn_psro_dqn,-2.0,-2.0,2.0,2.0,0.195,-0.195,0.25138211884662387,0.44323550402318224,0.029035253630450317,0.08602554514799202,0.0,0.137,29898832.551,5.901,694152.957,1.318,281600,281599,1064960,4096,2129920,272384,26,0.43059852719306946,4096.0,0.0
0.0,0.0,0.0,2.316,441,4,291840,4096,291838,False,123283,270,default,17d30577442b47ac905bc5a3eb0f3a2f,2022-05-05_16-17-12,1651738632,0.4442892074584961,155.72273755073547,2851732,sjtu-marl1,192.168.2.51,155.72273755073547,1105920,270,1.601977825164795,kuhn_psro_dqn,-2.0,-2.0,2.0,2.0,0.099,-0.099,0.25145513600123987,0.4431172232483479,0.02903625070133378,0.08603633088828863,0.0,0.137,29846888.784,5.861,698902.787,1.236,291840,291838,1105920,4096,2211840,282624,27,0.4278295040130615,4096.0,0.0
0.0,0.0,0.0,2.338,437,4,302080,4096,302078,False,127695,280,default,17d30577442b47ac905bc5a3eb0f3a2f,2022-05-05_16-17-18,1651738638,0.47132182121276855,161.17498183250427,2851732,sjtu-marl1,192.168.2.51,161.17498183250427,1146880,280,1.601977825164795,kuhn_psro_dqn,-1.0,-2.0,2.0,1.0,0.173,-0.173,0.25143470466200546,0.44279283099792255,0.0290153044663143,0.08598471268957789,0.0,0.138,29635792.969,5.961,687079.338,1.323,302080,302078,1146880,4096,2293760,292864,28,0.43940895795822144,4096.0,0.0
0.0,0.0,0.0,2.334,435,4,312320,4096,312317,False,132076,290,default,17d30577442b47ac905bc5a3eb0f3a2f,2022-05-05_16-17-23,1651738643,0.45550990104675293,166.619402885437,2851732,sjtu-marl1,192.168.2.51,166.619402885437,1187840,290,1.601977825164795,kuhn_psro_dqn,-1.0,-2.0,2.0,1.0,0.162,-0.162,0.2514642296285872,0.4426871991152419,0.029013176413900367,0.08598131371395516,0.0,0.137,29992788.38,6.133,667877.09,1.317,312320,312317,1187840,4096,2375680,303104,29,0.4281315505504608,4096.0,0.0
0.0,0.0,0.0,2.34,433,4,322560,4096,322556,False,136451,300,default,17d30577442b47ac905bc5a3eb0f3a2f,2022-05-05_16-17-30,1651738650,0.5150971412658691,173.1224799156189,2851732,sjtu-marl1,192.168.2.51,173.1224799156189,1228800,300,1.601977825164795,kuhn_psro_dqn,-1.0,-2.0,2.0,1.0,0.134,-0.134,0.2517587095245673,0.4435175614607062,0.029036890051759526,0.08604999171495382,0.0,0.135,30320983.382,6.066,675184.584,1.319,322560,322556,1228800,4096,2457600,313344,30,0.449325293302536,4096.0,0.0
0.0,0.0,0.0,2.327,442,4,332800,4096,332798,False,140835,310,default,17d30577442b47ac905bc5a3eb0f3a2f,2022-05-05_16-17-36,1651738656,0.4717259407043457,178.77926683425903,2851732,sjtu-marl1,192.168.2.51,178.77926683425903,1269760,310,1.601977825164795,kuhn_psro_dqn,-1.0,-2.0,2.0,1.0,0.162,-0.162,0.25177320619111637,0.4437231131555981,0.02903239218381466,0.08604419872230983,0.0,0.143,28566460.233,6.395,640540.369,1.352,332800,332798,1269760,4096,2539520,323584,31,0.4246646761894226,4096.0,0.0
0.0,0.0,0.0,2.317,437,4,343040,4096,343037,False,145241,320,default,17d30577442b47ac905bc5a3eb0f3a2f,2022-05-05_16-17-41,1651738661,0.45946717262268066,184.12656664848328,2851732,sjtu-marl1,192.168.2.51,184.12656664848328,1310720,320,1.601977825164795,kuhn_psro_dqn,-1.0,-2.0,2.0,1.0,0.109,-0.109,0.2517475663613413,0.4434028460058556,0.02901934748026582,0.0860136138681461,0.0,0.136,30039988.082,5.832,702365.87,1.321,343040,343037,1310720,4096,2621440,333824,32,0.4361116886138916,4096.0,0.0
0.0,0.0,0.0,2.338,439,4,353280,4096,353279,False,149632,330,default,17d30577442b47ac905bc5a3eb0f3a2f,2022-05-05_16-17-47,1651738667,0.5190212726593018,190.5862410068512,2851732,sjtu-marl1,192.168.2.51,190.5862410068512,1351680,330,1.601977825164795,kuhn_psro_dqn,-1.0,-2.0,2.0,1.0,0.176,-0.176,0.25221334166251086,0.4439855861551707,0.02905190948084879,0.08610465453345885,0.0,0.137,29857263.094,6.258,654558.481,1.393,353280,353279,1351680,4096,2703360,344064,33,0.43319448828697205,4096.0,0.0
0.0,0.0,0.0,2.344,438,4,363520,4096,363517,False,154000,340,default,17d30577442b47ac905bc5a3eb0f3a2f,2022-05-05_16-17-53,1651738673,0.5055439472198486,196.38286805152893,2851732,sjtu-marl1,192.168.2.51,196.38286805152893,1392640,340,1.601977825164795,kuhn_psro_dqn,-1.0,-2.0,2.0,1.0,0.203,-0.203,0.25284888007128237,0.44492946881023704,0.02911702531830062,0.08627634127140894,0.0,0.135,30412230.809,5.828,702805.483,1.345,363520,363517,1392640,4096,2785280,354304,34,0.4442737102508545,4096.0,0.0
0.0,0.0,0.0,2.317,443,4,373760,4096,373758,False,158411,350,default,17d30577442b47ac905bc5a3eb0f3a2f,2022-05-05_16-17-59,1651738679,0.4820706844329834,202.14922213554382,2851732,sjtu-marl1,192.168.2.51,202.14922213554382,1433600,350,1.601977825164795,kuhn_psro_dqn,-1.0,-2.0,2.0,1.0,0.154,-0.154,0.25303984077034064,0.44504605152891225,0.02912990573137198,0.08631062343123214,0.0,0.144,28410565.874,6.72,609526.467,1.451,373760,373758,1433600,4096,2867200,364544,35,0.4278015196323395,4096.0,0.0
0.0,0.0,0.0,2.324,441,4,384000,4096,383997,False,162777,360,default,17d30577442b47ac905bc5a3eb0f3a2f,2022-05-05_16-18-05,1651738685,0.5291416645050049,207.76963567733765,2851732,sjtu-marl1,192.168.2.51,207.76963567733765,1474560,360,1.601977825164795,kuhn_psro_dqn,-1.0,-2.0,2.0,1.0,0.143,-0.143,0.2529756160637441,0.44482937387789834,0.029121179056687707,0.08629201072448642,0.0,0.14,29177766.957,6.455,634507.779,1.384,384000,383997,1474560,4096,2949120,374784,36,0.43675076961517334,4096.0,0.0
0.0,0.0,0.0,2.343,435,4,394240,4096,394238,False,167194,370,default,17d30577442b47ac905bc5a3eb0f3a2f,2022-05-05_16-18-11,1651738691,1.2414381504058838,214.1500542163849,2851732,sjtu-marl1,192.168.2.51,214.1500542163849,1515520,370,1.601977825164795,kuhn_psro_dqn,-1.0,-2.0,2.0,1.0,0.198,-0.198,0.2529727028165866,0.4446353280500345,0.029114856217169516,0.08627236626059445,0.0,0.136,30150700.569,5.756,711558.531,1.362,394240,394238,1515520,4096,3031040,385024,37,0.4453306198120117,4096.0,0.0
0.0,0.0,0.0,2.335,440,4,404480,4096,404478,False,171592,380,default,17d30577442b47ac905bc5a3eb0f3a2f,2022-05-05_16-18-17,1651738697,0.44477105140686035,219.78805088996887,2851732,sjtu-marl1,192.168.2.51,219.78805088996887,1556480,380,1.601977825164795,kuhn_psro_dqn,-2.0,-2.0,2.0,2.0,0.194,-0.194,0.25323484443560584,0.4448513980009595,0.029130743639211608,0.0863229521020023,0.0,0.136,30029486.425,5.929,690867.419,1.388,404480,404478,1556480,4096,3112960,395264,38,0.44486796855926514,4096.0,0.0
0.0,0.0,0.0,2.372,428,4,414720,4096,414717,False,175969,390,default,17d30577442b47ac905bc5a3eb0f3a2f,2022-05-05_16-18-23,1651738703,0.499126672744751,225.4936580657959,2851732,sjtu-marl1,192.168.2.51,225.4936580657959,1597440,390,1.601977825164795,kuhn_psro_dqn,-1.0,-2.0,2.0,1.0,0.232,-0.232,0.25331481473207895,0.44490997682593303,0.02913806343616379,0.08633341325266905,0.0,0.138,29769310.664,6.187,662055.207,1.415,414720,414717,1597440,4096,3194880,405504,39,0.43405649065971375,4096.0,0.0
0.0,0.0,0.0,2.351,440,4,424960,4096,424959,False,180351,400,default,17d30577442b47ac905bc5a3eb0f3a2f,2022-05-05_16-18-29,1651738709,0.4610261917114258,231.21337819099426,2851732,sjtu-marl1,192.168.2.51,231.21337819099426,1638400,400,1.601977825164795,kuhn_psro_dqn,-1.0,-2.0,2.0,1.0,0.239,-0.239,0.25336825020001363,0.44513190058931146,0.029144301849191485,0.0863427734686108,0.0,0.134,30656440.371,6.007,681897.785,1.366,424960,424959,1638400,4096,3276800,415744,40,0.4334613084793091,4096.0,0.0
0.0,0.0,0.0,2.329,441,4,435200,4096,435198,False,184748,410,default,17d30577442b47ac905bc5a3eb0f3a2f,2022-05-05_16-18-34,1651738714,0.5629715919494629,237.106862783432,2851732,sjtu-marl1,192.168.2.51,237.106862783432,1679360,410,1.601977825164795,kuhn_psro_dqn,-1.0,-2.0,2.0,1.0,0.131,-0.131,0.2535477433921088,0.44571379501365765,0.029151069032831933,0.08637917720715481,0.0,0.136,30013747.701,5.947,688795.528,1.311,435200,435198,1679360,4096,3358720,425984,41,0.4402933716773987,4096.0,0.0
0.0,0.0,0.0,2.345,440,4,445440,4096,445437,False,189140,420,default,17d30577442b47ac905bc5a3eb0f3a2f,2022-05-05_16-18-40,1651738720,0.5092282295227051,242.72347688674927,2851732,sjtu-marl1,192.168.2.51,242.72347688674927,1720320,420,1.601977825164795,kuhn_psro_dqn,-1.0,-2.0,2.0,1.0,0.183,-0.183,0.2533822232574622,0.4452988709581396,0.029128610790921095,0.08631184963437823,0.0,0.137,29909243.008,5.886,695896.254,1.444,445440,445437,1720320,4096,3440640,436224,42,0.44514086842536926,4096.0,0.0
0.0,0.0,0.0,2.334,438,4,455680,4096,455677,False,193518,430,default,17d30577442b47ac905bc5a3eb0f3a2f,2022-05-05_16-18-46,1651738726,0.5133142471313477,248.52065300941467,2851732,sjtu-marl1,192.168.2.51,248.52065300941467,1761280,430,1.601977825164795,kuhn_psro_dqn,-1.0,-2.0,2.0,1.0,0.204,-0.204,0.25334948240640615,0.4451148812775133,0.02912202368846136,0.08630299136642242,0.0,0.136,30076801.793,6.185,662198.113,1.338,455680,455677,1761280,4096,3522560,446464,43,0.43698540329933167,4096.0,0.0
0.0,0.0,0.0,2.325,441,4,465920,4096,465917,False,197889,440,default,17d30577442b47ac905bc5a3eb0f3a2f,2022-05-05_16-18-53,1651738733,1.331463098526001,255.04096722602844,2851732,sjtu-marl1,192.168.2.51,255.04096722602844,1802240,440,1.601977825164795,kuhn_psro_dqn,-2.0,-2.0,2.0,2.0,0.139,-0.139,0.25312599714987355,0.4446427286256925,0.029101392664790206,0.08624770038572467,0.0,0.137,29800293.467,6.228,657663.065,1.311,465920,465917,1802240,4096,3604480,456704,44,0.440670371055603,4096.0,0.0
0.0,0.0,0.0,2.34,439,4,476160,4096,476159,False,202261,450,default,17d30577442b47ac905bc5a3eb0f3a2f,2022-05-05_16-18-58,1651738738,1.3040189743041992,260.57306241989136,2851732,sjtu-marl1,192.168.2.51,260.57306241989136,1843200,450,1.601977825164795,kuhn_psro_dqn,-1.0,-2.0,2.0,1.0,0.166,-0.166,0.2529850383698323,0.4443522170454756,0.02908345401519464,0.08620646616488081,0.0,0.137,29992788.38,6.107,670685.181,1.383,476160,476159,1843200,4096,3686400,466944,45,0.43445461988449097,4096.0,0.0
0.0,0.0,0.0,2.318,441,4,486400,4096,486396,False,206660,460,default,17d30577442b47ac905bc5a3eb0f3a2f,2022-05-05_16-19-04,1651738744,0.5001382827758789,266.34677147865295,2851732,sjtu-marl1,192.168.2.51,266.34677147865295,1884160,460,1.601977825164795,kuhn_psro_dqn,-2.0,-2.0,2.0,2.0,0.14,-0.14,0.2528328472601687,0.44398685302583285,0.02906692303395394,0.08616556069514789,0.0,0.137,29795125.189,5.949,688558.112,1.403,486400,486396,1884160,4096,3768320,477184,46,0.427040159702301,4096.0,0.0
0.0,0.0,0.0,2.313,445,4,496640,4096,496638,False,211056,470,default,17d30577442b47ac905bc5a3eb0f3a2f,2022-05-05_16-19-10,1651738750,0.45178699493408203,272.06460213661194,2851732,sjtu-marl1,192.168.2.51,272.06460213661194,1925120,470,1.601977825164795,kuhn_psro_dqn,-1.0,-2.0,2.0,1.0,0.118,-0.118,0.2528711754059739,0.4439013188460651,0.029062932064339422,0.0861631891588885,0.0,0.136,30008505.125,5.825,703144.906,1.244,496640,496638,1925120,4096,3850240,487424,47,0.4212208390235901,4096.0,0.0
0.0,0.0,0.0,2.331,441,4,506880,4096,506877,False,215433,480,default,17d30577442b47ac905bc5a3eb0f3a2f,2022-05-05_16-19-16,1651738756,0.46173906326293945,277.7035508155823,2851732,sjtu-marl1,192.168.2.51,277.7035508155823,1966080,480,1.601977825164795,kuhn_psro_dqn,-1.0,-2.0,2.0,1.0,0.109,-0.109,0.252682904541394,0.44355834812919065,0.029042618371449103,0.08610605054657475,0.0,0.136,30092606.733,5.697,718997.463,1.284,506880,506877,1966080,4096,3932160,497664,48,0.4265575110912323,4096.0,0.0
0.0,0.0,0.0,2.352,436,4,517120,4096,517116,False,219809,490,default,17d30577442b47ac905bc5a3eb0f3a2f,2022-05-05_16-19-21,1651738761,0.5150210857391357,283.17401003837585,2851732,sjtu-marl1,192.168.2.51,283.17401003837585,2007040,490,1.601977825164795,kuhn_psro_dqn,-2.0,-2.0,2.0,2.0,0.201,-0.201,0.25242391536591635,0.44306664585257455,0.02901489993103357,0.0860356548661544,0.0,0.138,29605151.101,5.882,696364.495,1.455,517120,517116,2007040,4096,4014080,507904,49,0.42403310537338257,4096.0,0.0
0.0,0.0,0.0,2.318,447,4,527360,4096,527357,False,224223,500,default,17d30577442b47ac905bc5a3eb0f3a2f,2022-05-05_16-19-27,1651738767,0.4599606990814209,288.83681631088257,2851732,sjtu-marl1,192.168.2.51,288.83681631088257,2048000,500,1.601977825164795,kuhn_psro_dqn,-1.0,-2.0,2.0,1.0,0.163,-0.163,0.2524697952713758,0.443195441504146,0.02901778744220026,0.08604533775831145,0.0,0.136,30150700.569,5.504,744139.282,1.214,527360,527357,2048000,4096,4096000,518144,50,0.42125609517097473,4096.0,0.0
0.0,0.0,0.0,2.32,439,4,537600,4096,537599,False,228613,510,default,17d30577442b47ac905bc5a3eb0f3a2f,2022-05-05_16-19-33,1651738773,0.46938633918762207,294.7931044101715,2851732,sjtu-marl1,192.168.2.51,294.7931044101715,2088960,510,1.601977825164795,kuhn_psro_dqn,-1.0,-2.0,2.0,1.0,0.162,-0.162,0.2524861387692537,0.44350308878471967,0.029015251721508754,0.0860382069050018,0.0,0.144,28429371.478,5.938,689760.677,1.385,537600,537599,2088960,4096,4177920,528384,51,0.42243459820747375,4096.0,0.0
0.0,0.0,0.0,2.3,450,4,547840,4096,547837,False,233018,520,default,17d30577442b47ac905bc5a3eb0f3a2f,2022-05-05_16-19-39,1651738779,0.45587968826293945,300.4654772281647,2851732,sjtu-marl1,192.168.2.51,300.4654772281647,2129920,520,1.601977825164795,kuhn_psro_dqn,-1.0,-2.0,2.0,1.0,0.075,-0.075,0.2524480693901681,0.44328136206768026,0.029004771427981798,0.08601905950920483,0.0,0.143,28700082.165,6.091,672433.507,1.346,547840,547837,2129920,4096,4259840,538624,52,0.4119376540184021,4096.0,0.0
0.0,0.0,0.0,2.302,438,4,558080,4096,558077,False,237425,530,default,17d30577442b47ac905bc5a3eb0f3a2f,2022-05-05_16-19-44,1651738784,0.45896196365356445,306.17959690093994,2851732,sjtu-marl1,192.168.2.51,306.17959690093994,2170880,530,1.601977825164795,kuhn_psro_dqn,-1.0,-2.0,2.0,1.0,0.081,-0.081,0.25240145441025313,0.4431346610816796,0.028997790338293614,0.08600278258102487,0.0,0.137,29930085.686,5.892,695203.512,1.373,558080,558077,2170880,4096,4341760,548864,53,0.40953007340431213,4096.0,0.0
0.0,0.0,0.0,2.316,439,4,568320,4096,568317,False,241801,540,default,17d30577442b47ac905bc5a3eb0f3a2f,2022-05-05_16-19-50,1651738790,0.5367848873138428,312.25753831863403,2851732,sjtu-marl1,192.168.2.51,312.25753831863403,2211840,540,1.601977825164795,kuhn_psro_dqn,-1.0,-2.0,2.0,1.0,0.124,-0.124,0.2524542266409164,0.44316463480860024,0.02899988837489039,0.08601179189535055,0.0,0.138,29646021.025,5.698,718895.169,1.304,568320,568317,2211840,4096,4423680,559104,54,0.4302017092704773,4096.0,0.0
0.0,0.0,0.0,2.349,430,4,578560,4096,578557,False,246182,550,default,17d30577442b47ac905bc5a3eb0f3a2f,2022-05-05_16-19-56,1651738796,0.45044732093811035,317.90278792381287,2851732,sjtu-marl1,192.168.2.51,317.90278792381287,2252800,550,1.601977825164795,kuhn_psro_dqn,-1.0,-2.0,2.0,1.0,0.172,-0.172,0.25257043008334873,0.4432905050735024,0.029008824807980838,0.08602997950220635,0.0,0.138,29671622.079,5.926,691220.435,1.346,578560,578557,2252800,4096,4505600,569344,55,0.4158349633216858,4096.0,0.0
0.0,0.0,0.0,2.354,432,4,588800,4096,588798,False,250554,560,default,17d30577442b47ac905bc5a3eb0f3a2f,2022-05-05_16-20-02,1651738802,0.4843406677246094,323.6294815540314,2851732,sjtu-marl1,192.168.2.51,323.6294815540314,2293760,560,1.601977825164795,kuhn_psro_dqn,-1.0,-2.0,2.0,1.0,0.198,-0.198,0.25259986929214717,0.4432728053566797,0.029008090303368934,0.08603333837802461,0.0,0.14,29357261.08,6.258,654558.481,1.363,588800,588798,2293760,4096,4587520,579584,56,0.4186221957206726,4096.0,0.0
0.0,0.0,0.0,2.347,437,4,599040,4096,599037,False,254932,570,default,17d30577442b47ac905bc5a3eb0f3a2f,2022-05-05_16-20-08,1651738808,0.4914267063140869,329.4066889286041,2851732,sjtu-marl1,192.168.2.51,329.4066889286041,2334720,570,1.601977825164795,kuhn_psro_dqn,-1.0,-2.0,2.0,1.0,0.164,-0.164,0.2526895053019941,0.44330340961542775,0.02901053201699768,0.08604427510679476,0.0,0.139,29498401.758,5.863,698590.17,1.43,599040,599037,2334720,4096,4669440,589824,57,0.40927454829216003,4096.0,0.0
0.0,0.0,0.0,2.325,440,4,609280,4096,609278,False,259317,580,default,17d30577442b47ac905bc5a3eb0f3a2f,2022-05-05_16-20-14,1651738814,0.44404053688049316,335.0985600948334,2851732,sjtu-marl1,192.168.2.51,335.0985600948334,2375680,580,1.601977825164795,kuhn_psro_dqn,-1.0,-2.0,2.0,1.0,0.166,-0.166,0.2527677935205154,0.4433135345255694,0.02901778023775793,0.08606160849168307,0.0,0.152,26991153.471,6.036,678630.451,1.302,609280,609278,2375680,4096,4751360,600064,58,0.4147176742553711,4096.0,0.0
0.0,0.0,0.0,2.325,443,4,619520,4096,619517,False,263709,590,default,17d30577442b47ac905bc5a3eb0f3a2f,2022-05-05_16-20-20,1651738820,1.3555262088775635,341.7188675403595,2851732,sjtu-marl1,192.168.2.51,341.7188675403595,2416640,590,1.601977825164795,kuhn_psro_dqn,-1.0,-2.0,2.0,1.0,0.187,-0.187,0.25281410056024545,0.4433276246984564,0.029021600841294088,0.08607512967178828,0.0,0.137,29789958.703,5.947,688732.017,1.342,619520,619517,2416640,4096,4833280,610304,59,0.4237859845161438,4096.0,0.0
0.0,0.0,0.0,2.328,440,4,629760,4096,629759,False,268081,600,default,17d30577442b47ac905bc5a3eb0f3a2f,2022-05-05_16-20-26,1651738826,0.5302014350891113,347.6337876319885,2851732,sjtu-marl1,192.168.2.51,347.6337876319885,2457600,600,1.601977825164795,kuhn_psro_dqn,-1.0,-2.0,2.0,1.0,0.207,-0.207,0.252913730063838,0.4434332639747804,0.029030612410710983,0.08609955613906467,0.0,0.144,28373029.206,6.258,654503.621,1.339,629760,629759,2457600,4096,4915200,620544,60,0.4130561649799347,4096.0,0.0
0.0,0.0,0.0,2.31,440,4,640000,4096,639997,False,272482,610,default,17d30577442b47ac905bc5a3eb0f3a2f,2022-05-05_16-20-32,1651738832,0.5216655731201172,353.5357451438904,2851732,sjtu-marl1,192.168.2.51,353.5357451438904,2498560,610,1.601977825164795,kuhn_psro_dqn,-1.0,-2.0,2.0,1.0,0.166,-0.166,0.25289147929553424,0.4436481030236911,0.029024817887889437,0.08608345629605374,0.0,0.137,29987553.123,5.8,706170.994,1.405,640000,639997,2498560,4096,4997120,630784,61,0.411279559135437,4096.0,0.0
0.0,0.0,0.0,2.318,444,4,650240,4096,650238,False,276851,620,default,17d30577442b47ac905bc5a3eb0f3a2f,2022-05-05_16-20-38,1651738838,0.4828009605407715,359.2805244922638,2851732,sjtu-marl1,192.168.2.51,359.2805244922638,2539520,620,1.601977825164795,kuhn_psro_dqn,-1.0,-2.0,2.0,1.0,0.096,-0.096,0.2529267030911827,0.4437603016450978,0.0290265692994571,0.08609392157492798,0.0,0.137,29815809.066,5.719,716147.165,1.267,650240,650238,2539520,4096,5079040,641024,62,0.4068430960178375,4096.0,0.0
0.0,0.0,0.0,2.339,440,4,660480,4096,660479,False,281232,630,default,17d30577442b47ac905bc5a3eb0f3a2f,2022-05-05_16-20-44,1651738844,0.47962522506713867,365.0684976577759,2851732,sjtu-marl1,192.168.2.51,365.0684976577759,2580480,630,1.601977825164795,kuhn_psro_dqn,-1.0,-2.0,2.0,1.0,0.122,-0.122,0.25294736373449767,0.44376150198845093,0.029026859953632935,0.08609274080050648,0.0,0.136,30193091.712,5.62,728837.634,1.33,660480,660479,2580480,4096,5160960,651264,63,0.422893762588501,4096.0,0.0
0.0,0.0,0.0,2.361,437,4,670720,4096,670719,False,285613,640,default,17d30577442b47ac905bc5a3eb0f3a2f,2022-05-05_16-20-50,1651738850,0.4661228656768799,370.72112679481506,2851732,sjtu-marl1,192.168.2.51,370.72112679481506,2621440,640,1.601977825164795,kuhn_psro_dqn,-1.0,-2.0,2.0,1.0,0.202,-0.202,0.25280722785220694,0.44354560128150833,0.0290092406581801,0.08605376265542515,0.0,0.137,29898832.551,5.937,689885.32,1.363,670720,670719,2621440,4096,5242880,661504,64,0.4203890562057495,4096.0,0.0
0.0,0.0,0.0,2.342,434,4,680960,4096,680957,False,289977,650,default,17d30577442b47ac905bc5a3eb0f3a2f,2022-05-05_16-20-55,1651738855,0.47517871856689453,376.43498134613037,2851732,sjtu-marl1,192.168.2.51,376.43498134613037,2662400,650,1.601977825164795,kuhn_psro_dqn,-1.0,-2.0,2.0,1.0,0.189,-0.189,0.2527700798789059,0.4433665102422848,0.029005907322093506,0.08604439030028573,0.0,0.137,29815809.066,5.903,693942.666,1.329,680960,680957,2662400,4096,5324800,671744,65,0.41873815655708313,4096.0,0.0
0.0,0.0,0.0,2.321,438,4,691200,4096,691197,False,294362,660,default,17d30577442b47ac905bc5a3eb0f3a2f,2022-05-05_16-21-01,1651738861,0.5223944187164307,382.1116418838501,2851732,sjtu-marl1,192.168.2.51,382.1116418838501,2703360,660,1.601977825164795,kuhn_psro_dqn,-2.0,-2.0,2.0,2.0,0.147,-0.147,0.25267959201597784,0.44315206423025766,0.028993160355758767,0.0860165487515439,0.0,0.135,30240924.457,5.951,688315.345,1.246,691200,691197,2703360,4096,5406720,681984,66,0.41795626282691956,4096.0,0.0
0.0,0.0,0.0,2.348,439,4,701440,4096,701436,False,298752,670,default,17d30577442b47ac905bc5a3eb0f3a2f,2022-05-05_16-21-07,1651738867,0.46556782722473145,387.92145252227783,2851732,sjtu-marl1,192.168.2.51,387.92145252227783,2744320,670,1.601977825164795,kuhn_psro_dqn,-2.0,-2.0,2.0,2.0,0.198,-0.198,0.2527584187192746,0.4432430872727841,0.028999338671452726,0.08602978850737683,0.0,0.14,29262253.763,5.772,709692.004,1.343,701440,701436,2744320,4096,5488640,692224,67,0.42330867052078247,4096.0,0.0
0.0,0.0,0.0,2.359,436,4,711680,4096,711677,False,303145,680,default,17d30577442b47ac905bc5a3eb0f3a2f,2022-05-05_16-21-13,1651738873,0.47255682945251465,393.88831973075867,2851732,sjtu-marl1,192.168.2.51,393.88831973075867,2785280,680,1.601977825164795,kuhn_psro_dqn,-1.0,-2.0,2.0,1.0,0.214,-0.214,0.2529446895993661,0.4434790536266976,0.02901583749953063,0.08607747405529076,0.0,0.143,28590229.962,6.279,652282.024,1.41,711680,711677,2785280,4096,5570560,702464,68,0.42017582058906555,4096.0,0.0
0.0,0.0,0.0,2.35,439,4,721920,4096,721917,False,307530,690,default,17d30577442b47ac905bc5a3eb0f3a2f,2022-05-05_16-21-19,1651738879,0.46184802055358887,399.8217830657959,2851732,sjtu-marl1,192.168.2.51,399.8217830657959,2826240,690,1.601977825164795,kuhn_psro_dqn,-1.0,-2.0,2.0,1.0,0.17,-0.17,0.2528891179864019,0.44333194829692857,0.029011205854029762,0.0860627975363089,0.0,0.136,30087336.574,6.087,672947.131,1.325,721920,721917,2826240,4096,5652480,712704,69,0.41543883085250854,4096.0,0.0
0.0,0.0,0.0,2.341,436,4,732160,4096,732157,False,311903,700,default,17d30577442b47ac905bc5a3eb0f3a2f,2022-05-05_16-21-25,1651738885,0.5043957233428955,405.5458962917328,2851732,sjtu-marl1,192.168.2.51,405.5458962917328,2867200,700,1.601977825164795,kuhn_psro_dqn,-1.0,-2.0,2.0,1.0,0.125,-0.125,0.25278719597837035,0.443100701860871,0.029000896701158574,0.08604008838297159,0.0,0.139,29452887.338,5.596,731980.247,1.303,732160,732157,2867200,4096,5734400,722944,70,0.4231477677822113,4096.0,0.0
0.0,0.0,0.0,2.348,439,4,742400,4096,742398,False,316294,710,default,17d30577442b47ac905bc5a3eb0f3a2f,2022-05-05_16-21-31,1651738891,0.5088365077972412,411.6017770767212,2851732,sjtu-marl1,192.168.2.51,411.6017770767212,2908160,710,1.601977825164795,kuhn_psro_dqn,-2.0,-2.0,2.0,2.0,0.185,-0.185,0.25281267979430366,0.44328180662372696,0.029002220687041513,0.08604072568017046,0.0,0.138,29635792.969,5.76,711149.114,1.314,742400,742398,2908160,4096,5816320,733184,71,0.4207499027252197,4096.0,0.0
0.0,0.0,0.0,2.328,440,4,752640,4096,752638,False,320677,720,default,17d30577442b47ac905bc5a3eb0f3a2f,2022-05-05_16-21-37,1651738897,0.451887845993042,417.5349590778351,2851732,sjtu-marl1,192.168.2.51,417.5349590778351,2949120,720,1.601977825164795,kuhn_psro_dqn,-1.0,-2.0,2.0,1.0,0.23,-0.23,0.25282171680321247,0.4434474046107485,0.029003548711690114,0.0860484680971762,0.0,0.141,28951582.717,5.888,695693.357,1.32,752640,752638,2949120,4096,5898240,743424,72,0.4077989459037781,4096.0,0.0
0.0,0.0,0.0,2.326,436,4,762880,4096,762877,False,325072,730,default,17d30577442b47ac905bc5a3eb0f3a2f,2022-05-05_16-21-44,1651738904,1.4289729595184326,424.42187762260437,2851732,sjtu-marl1,192.168.2.51,424.42187762260437,2990080,730,1.601977825164795,kuhn_psro_dqn,-2.0,-2.0,2.0,2.0,0.14,-0.14,0.25287272972325386,0.4434558765776875,0.02900847482617783,0.0860590341441211,0.0,0.14,29212496.487,5.744,713046.999,1.331,762880,762877,2990080,4096,5980160,753664,73,0.4267095625400543,4096.0,0.0
0.0,0.0,0.0,2.357,430,4,773120,4096,773118,False,329459,740,default,17d30577442b47ac905bc5a3eb0f3a2f,2022-05-05_16-21-50,1651738910,0.476346492767334,430.1842670440674,2851732,sjtu-marl1,192.168.2.51,430.1842670440674,3031040,740,1.601977825164795,kuhn_psro_dqn,-1.0,-2.0,2.0,1.0,0.241,-0.241,0.25295808391559,0.4435672084077576,0.029013129407611325,0.08607735301137102,0.0,0.139,29362278.558,5.972,685812.17,1.329,773120,773118,3031040,4096,6062080,763904,74,0.42448171973228455,4096.0,0.0
0.0,0.0,0.0,2.326,443,4,783360,4096,783359,False,333868,750,default,17d30577442b47ac905bc5a3eb0f3a2f,2022-05-05_16-21-56,1651738916,0.5171477794647217,436.03859210014343,2851732,sjtu-marl1,192.168.2.51,436.03859210014343,3072000,750,1.601977825164795,kuhn_psro_dqn,-1.0,-2.0,2.0,1.0,0.18,-0.18,0.25303092285422857,0.44357753042685083,0.029020847821344013,0.08609707486794281,0.0,0.138,29620464.11,5.762,710878.392,1.324,783360,783359,3072000,4096,6144000,774144,75,0.4154556095600128,4096.0,0.0
0.0,0.0,0.0,2.334,438,4,793600,4096,793596,False,338266,760,default,17d30577442b47ac905bc5a3eb0f3a2f,2022-05-05_16-22-01,1651738921,0.4426569938659668,441.8835644721985,2851732,sjtu-marl1,192.168.2.51,441.8835644721985,3112960,760,1.601977825164795,kuhn_psro_dqn,-1.0,-2.0,2.0,1.0,0.182,-0.182,0.25303972650745565,0.44357230026931754,0.029022011237374343,0.08609279636051735,0.0,0.137,29826161.778,5.797,706632.823,1.353,793600,793596,3112960,4096,6225920,784384,76,0.4285711646080017,4096.0,0.0
0.0,0.0,0.0,2.31,439,4,803840,4096,803836,False,342638,770,default,17d30577442b47ac905bc5a3eb0f3a2f,2022-05-05_16-22-07,1651738927,0.4971444606781006,447.8196156024933,2851732,sjtu-marl1,192.168.2.51,447.8196156024933,3153920,770,1.601977825164795,kuhn_psro_dqn,-1.0,-2.0,2.0,1.0,0.091,-0.091,0.253087076948714,0.4435933668429082,0.029029963730706997,0.08611533005800963,0.0,0.136,30066274.386,5.515,742649.922,1.397,803840,803836,3153920,4096,6307840,794624,77,0.4210115671157837,4096.0,0.0
0.0,0.0,0.0,2.342,440,4,814080,4096,814079,False,347037,780,default,17d30577442b47ac905bc5a3eb0f3a2f,2022-05-05_16-22-13,1651738933,0.515557050704956,453.569890499115,2851732,sjtu-marl1,192.168.2.51,453.569890499115,3194880,780,1.601977825164795,kuhn_psro_dqn,-1.0,-2.0,2.0,1.0,0.155,-0.155,0.25308594332456646,0.443544712620338,0.029023358143974002,0.08609956699117469,0.0,0.14,29352245.317,5.95,688436.707,1.353,814080,814079,3194880,4096,6389760,804864,78,0.4179444909095764,4096.0,0.0
0.0,0.0,0.0,2.362,436,4,824320,4096,824317,False,351402,790,default,17d30577442b47ac905bc5a3eb0f3a2f,2022-05-05_16-22-19,1651738939,0.5045473575592041,459.56526827812195,2851732,sjtu-marl1,192.168.2.51,459.56526827812195,3235840,790,1.601977825164795,kuhn_psro_dqn,-1.0,-2.0,2.0,1.0,0.246,-0.246,0.2531064995050145,0.4435506507470879,0.029025758882197508,0.08609793386421577,0.0,0.139,29387391.693,5.878,696822.061,1.411,824320,824317,3235840,4096,6471680,815104,79,0.41796302795410156,4096.0,0.0
0.0,0.0,0.0,2.342,435,4,834560,4096,834558,False,355778,800,default,17d30577442b47ac905bc5a3eb0f3a2f,2022-05-05_16-22-25,1651738945,0.5018103122711182,465.4873285293579,2851732,sjtu-marl1,192.168.2.51,465.4873285293579,3276800,800,1.601977825164795,kuhn_psro_dqn,-1.0,-2.0,2.0,1.0,0.213,-0.213,0.2531870305341202,0.44361587254779816,0.029034851074935617,0.08612571778580785,0.0,0.139,29432703.759,5.707,717729.867,1.498,834560,834558,3276800,4096,6553600,825344,80,0.41557687520980835,4096.0,0.0
0.0,0.0,0.0,2.35,432,4,844800,4096,844799,False,360145,810,default,17d30577442b47ac905bc5a3eb0f3a2f,2022-05-05_16-22-32,1651738952,0.46539735794067383,471.6698639392853,2851732,sjtu-marl1,192.168.2.51,471.6698639392853,3317760,810,1.601977825164795,kuhn_psro_dqn,-1.0,-2.0,2.0,1.0,0.228,-0.228,0.25324934140064015,0.4438128558155912,0.02904037888132592,0.08614049605822513,0.0,0.139,29498401.758,5.813,704676.379,1.346,844800,844799,3317760,4096,6635520,835584,81,0.40720224380493164,4096.0,0.0
0.0,0.0,0.0,2.333,436,4,855040,4096,855039,False,364538,820,default,17d30577442b47ac905bc5a3eb0f3a2f,2022-05-05_16-22-38,1651738958,0.47689366340637207,477.6010835170746,2851732,sjtu-marl1,192.168.2.51,477.6010835170746,3358720,820,1.601977825164795,kuhn_psro_dqn,-1.0,-2.0,2.0,1.0,0.172,-0.172,0.25325949348845783,0.4440104544859056,0.02904158638207957,0.08614575002484777,0.0,0.138,29769310.664,6.188,661907.262,1.411,855040,855039,3358720,4096,6717440,845824,82,0.4232726991176605,4096.0,0.0
0.0,0.0,0.0,2.325,442,4,865280,4096,865278,False,368908,830,default,17d30577442b47ac905bc5a3eb0f3a2f,2022-05-05_16-22-44,1651738964,0.4716339111328125,483.69757556915283,2851732,sjtu-marl1,192.168.2.51,483.69757556915283,3399680,830,1.601977825164795,kuhn_psro_dqn,-1.0,-2.0,2.0,1.0,0.18,-0.18,0.25331166872293165,0.44404988915713184,0.029044450789841414,0.0861629075784014,0.0,0.136,30061013.445,5.722,715851.744,1.354,865280,865278,3399680,4096,6799360,856064,83,0.414843887090683,4096.0,0.0
0.0,0.0,0.0,2.325,440,4,875520,4096,875518,False,373302,840,default,17d30577442b47ac905bc5a3eb0f3a2f,2022-05-05_16-22-50,1651738970,0.47716379165649414,489.616384267807,2851732,sjtu-marl1,192.168.2.51,489.616384267807,3440640,840,1.601977825164795,kuhn_psro_dqn,-1.0,-2.0,2.0,1.0,0.112,-0.112,0.25325335254148384,0.4438566868888374,0.02903628770304774,0.0861397157533903,0.0,0.135,30283569.864,5.976,685374.413,1.286,875520,875518,3440640,4096,6881280,866304,84,0.4121697247028351,4096.0,0.0
0.0,0.0,0.0,2.35,436,4,885760,4096,885758,False,377677,850,default,17d30577442b47ac905bc5a3eb0f3a2f,2022-05-05_16-22-56,1651738976,0.44968509674072266,495.5574493408203,2851732,sjtu-marl1,192.168.2.51,495.5574493408203,3481600,850,1.601977825164795,kuhn_psro_dqn,-1.0,-2.0,2.0,1.0,0.187,-0.187,0.2531841040404361,0.44374707209949743,0.02903071347398792,0.08611406573139252,0.0,0.138,29681874.886,5.953,688100.307,1.342,885760,885758,3481600,4096,6963200,876544,85,0.41956827044487,4096.0,0.0
0.0,0.0,0.0,2.332,439,4,896000,4096,895997,False,382065,860,default,17d30577442b47ac905bc5a3eb0f3a2f,2022-05-05_16-23-02,1651738982,0.4821321964263916,501.4290964603424,2851732,sjtu-marl1,192.168.2.51,501.4290964603424,3522560,860,1.601977825164795,kuhn_psro_dqn,-1.0,-2.0,2.0,1.0,0.133,-0.133,0.2531666830328166,0.4436234569100236,0.02902548402288705,0.08610947862890046,0.0,0.139,29468043.197,6.323,647773.842,1.393,896000,895997,3522560,4096,7045120,886784,86,0.4254242777824402,4096.0,0.0
0.0,0.0,0.0,2.337,438,4,906240,4096,906237,False,386446,870,default,17d30577442b47ac905bc5a3eb0f3a2f,2022-05-05_16-23-09,1651738989,0.5061616897583008,508.64351534843445,2851732,sjtu-marl1,192.168.2.51,508.64351534843445,3563520,870,1.601977825164795,kuhn_psro_dqn,-1.0,-2.0,2.0,1.0,0.181,-0.181,0.2531565023375727,0.4435942228544566,0.029026343286801887,0.08611105843881185,0.0,0.146,28021316.562,6.162,664744.999,1.441,906240,906237,3563520,4096,7127040,897024,87,0.40468186140060425,4096.0,0.0
0.0,0.0,0.0,2.327,442,4,916480,4096,916477,False,390844,880,default,17d30577442b47ac905bc5a3eb0f3a2f,2022-05-05_16-23-16,1651738996,1.5762102603912354,515.6585206985474,2851732,sjtu-marl1,192.168.2.51,515.6585206985474,3604480,880,1.601977825164795,kuhn_psro_dqn,-1.0,-2.0,2.0,1.0,0.165,-0.165,0.2531317773415666,0.4435534585632038,0.029026209492091445,0.08610263203160021,0.0,0.141,29024952.161,6.028,679508.171,1.387,916480,916477,3604480,4096,7208960,907264,88,0.4165222942829132,4096.0,0.0
0.0,0.0,0.0,2.322,444,4,926720,4096,926718,False,395236,890,default,17d30577442b47ac905bc5a3eb0f3a2f,2022-05-05_16-23-22,1651739002,0.5894486904144287,521.9125649929047,2851732,sjtu-marl1,192.168.2.51,521.9125649929047,3645440,890,1.601977825164795,kuhn_psro_dqn,-1.0,-2.0,2.0,1.0,0.191,-0.191,0.25318530868887335,0.4435776885436527,0.029028319380755414,0.08611629940080616,0.0,0.139,29528822.936,5.976,685437.306,1.268,926720,926718,3645440,4096,7290880,917504,89,0.4116359055042267,4096.0,0.0
0.0,0.0,0.0,2.351,443,4,936960,4096,936958,False,399605,900,default,17d30577442b47ac905bc5a3eb0f3a2f,2022-05-05_16-23-28,1651739008,0.5033230781555176,527.8405914306641,2851732,sjtu-marl1,192.168.2.51,527.8405914306641,3686400,900,1.601977825164795,kuhn_psro_dqn,-1.0,-2.0,2.0,1.0,0.182,-0.182,0.25324857931472333,0.44366000547837775,0.029036701686156546,0.0861355390863174,0.0,0.14,29337208.306,5.96,687208.512,1.348,936960,936958,3686400,4096,7372800,927744,90,0.405681848526001,4096.0,0.0
0.0,0.0,0.0,2.32,442,4,947200,4096,947199,False,404021,910,default,17d30577442b47ac905bc5a3eb0f3a2f,2022-05-05_16-23-34,1651739014,0.4611086845397949,533.700582742691,2851732,sjtu-marl1,192.168.2.51,533.700582742691,3727360,910,1.601977825164795,kuhn_psro_dqn,-1.0,-2.0,2.0,1.0,0.119,-0.119,0.2532782373701363,0.4436048560562118,0.02903458389144928,0.08613945250883069,0.0,0.137,29971858.311,6.09,672596.728,1.383,947200,947199,3727360,4096,7454720,937984,91,0.42248937487602234,4096.0,0.0
0.0,0.0,0.0,2.326,441,4,957440,4096,957437,False,408419,920,default,17d30577442b47ac905bc5a3eb0f3a2f,2022-05-05_16-23-40,1651739020,0.46938490867614746,539.7131097316742,2851732,sjtu-marl1,192.168.2.51,539.7131097316742,3768320,920,1.601977825164795,kuhn_psro_dqn,-2.0,-2.0,2.0,2.0,0.15,-0.15,0.2532877547117979,0.44356888360205476,0.029034734910501826,0.08613743190586148,0.0,0.138,29764153.125,5.773,709510.285,1.332,957440,957437,3768320,4096,7536640,948224,92,0.4193199872970581,4096.0,0.0
0.0,0.0,0.0,2.342,437,4,967680,4096,967677,False,412792,930,default,17d30577442b47ac905bc5a3eb0f3a2f,2022-05-05_16-23-46,1651739026,0.5970706939697266,545.7789268493652,2851732,sjtu-marl1,192.168.2.51,545.7789268493652,3809280,930,1.601977825164795,kuhn_psro_dqn,-2.0,-2.0,2.0,2.0,0.157,-0.157,0.25331872420477375,0.4435899662268494,0.0290367921993833,0.08614123017904592,0.0,0.139,29372318.66,5.781,708492.038,1.36,967680,967677,3809280,4096,7618560,958464,93,0.41681569814682007,4096.0,0.0
0.0,0.0,0.0,2.3,444,4,977920,4096,977917,False,417197,940,default,17d30577442b47ac905bc5a3eb0f3a2f,2022-05-05_16-23-52,1651739032,0.4496755599975586,551.6344413757324,2851732,sjtu-marl1,192.168.2.51,551.6344413757324,3850240,940,1.601977825164795,kuhn_psro_dqn,-1.0,-2.0,2.0,1.0,0.091,-0.091,0.25335343064883065,0.4435561586196718,0.029038673602879185,0.08614891349107553,0.0,0.137,29862452.953,5.875,697200.996,1.333,977920,977917,3850240,4096,7700480,968704,94,0.41366592049598694,4096.0,0.0
0.0,0.0,0.0,2.287,447,4,988160,4096,988156,False,421602,950,default,17d30577442b47ac905bc5a3eb0f3a2f,2022-05-05_16-23-58,1651739038,0.4849874973297119,557.6550598144531,2851732,sjtu-marl1,192.168.2.51,557.6550598144531,3891200,950,1.601977825164795,kuhn_psro_dqn,-2.0,-2.0,2.0,2.0,0.057,-0.057,0.25346258416416995,0.44364869320209893,0.029045699025886995,0.08617167572531861,0.0,0.138,29687003.947,6.291,651110.238,1.345,988160,988156,3891200,4096,7782400,978944,95,0.4235193729400635,4096.0,0.0
0.0,0.0,0.0,2.348,441,4,998400,4096,998398,False,425965,960,default,17d30577442b47ac905bc5a3eb0f3a2f,2022-05-05_16-24-04,1651739044,0.46050024032592773,563.4298777580261,2851732,sjtu-marl1,192.168.2.51,563.4298777580261,3932160,960,1.601977825164795,kuhn_psro_dqn,-2.0,-2.0,2.0,2.0,0.177,-0.177,0.2533357876086966,0.4434528775695387,0.02902940569165208,0.08613425761857536,0.0,0.139,29493337.655,6.26,654364.016,1.472,998400,998398,3932160,4096,7864320,989184,96,0.4108416438102722,4096.0,0.0
0.0,0.0,0.0,2.343,439,4,1008640,4096,1008638,False,430352,970,default,17d30577442b47ac905bc5a3eb0f3a2f,2022-05-05_16-24-10,1651739050,0.49181699752807617,569.3671433925629,2851732,sjtu-marl1,192.168.2.51,569.3671433925629,3973120,970,1.601977825164795,kuhn_psro_dqn,-1.0,-2.0,2.0,1.0,0.201,-0.201,0.25324699820609087,0.44357213109819127,0.029021787716627577,0.08610184192159966,0.0,0.137,29998025.465,5.605,730793.933,1.313,1008640,1008638,3973120,4096,7946240,999424,97,0.410571813583374,4096.0,0.0
0.0,0.0,0.0,2.324,443,4,1018880,4096,1018879,False,434749,980,default,17d30577442b47ac905bc5a3eb0f3a2f,2022-05-05_16-24-16,1651739056,0.48447608947753906,575.2267484664917,2851732,sjtu-marl1,192.168.2.51,575.2267484664917,4014080,980,1.601977825164795,kuhn_psro_dqn,-2.0,-2.0,2.0,2.0,0.131,-0.131,0.2533054120688716,0.4435854509064092,0.029026679772113113,0.08611987774482953,0.0,0.137,29846888.784,5.649,725124.584,1.45,1018880,1018879,4014080,4096,8028160,1009664,98,0.4017419219017029,4096.0,0.0
0.0,0.0,0.0,2.31,438,4,1029120,4096,1029117,False,439146,990,default,17d30577442b47ac905bc5a3eb0f3a2f,2022-05-05_16-24-22,1651739062,0.5128023624420166,581.1017820835114,2851732,sjtu-marl1,192.168.2.51,581.1017820835114,4055040,990,1.601977825164795,kuhn_psro_dqn,-2.0,-2.0,2.0,2.0,0.158,-0.158,0.2533067643885785,0.44354782292960915,0.029026579067905574,0.08612747622364324,0.0,0.146,27975686.67,5.829,702635.894,1.393,1029120,1029117,4055040,4096,8110080,1019904,99,0.41556188464164734,4096.0,0.0
0.0,0.0,0.0,2.305,451,4,1039360,4096,1039356,False,443551,1000,default,17d30577442b47ac905bc5a3eb0f3a2f,2022-05-05_16-24-28,1651739068,0.5109481811523438,587.0834610462189,2851732,sjtu-marl1,192.168.2.51,587.0834610462189,4096000,1000,1.601977825164795,kuhn_psro_dqn,-1.0,-2.0,2.0,1.0,0.133,-0.133,0.25329185484289624,0.44348835905226897,0.02902692868896919,0.08611792809446404,0.0,0.143,28719273.126,6.135,667677.227,1.361,1039360,1039356,4096000,4096,8192000,1030144,100,0.42349135875701904,4096.0,0.0
0.0,0.0,0.0,2.334,439,4,1049600,4096,1049597,False,447947,1010,default,17d30577442b47ac905bc5a3eb0f3a2f,2022-05-05_16-24-34,1651739074,0.45739293098449707,593.0492627620697,2851732,sjtu-marl1,192.168.2.51,593.0492627620697,4136960,1010,1.601977825164795,kuhn_psro_dqn,-1.0,-2.0,2.0,1.0,0.17,-0.17,0.2532823721031841,0.4434347087867911,0.02901978390714866,0.08610624728316256,0.0,0.139,29554221.889,5.571,735194.121,1.328,1049600,1049597,4136960,4096,8273920,1040384,101,0.4095889627933502,4096.0,0.0
0.0,0.0,0.0,2.344,432,4,1059840,4096,1059838,False,452342,1020,default,17d30577442b47ac905bc5a3eb0f3a2f,2022-05-05_16-24-41,1651739081,1.5398094654083252,600.1528298854828,2851732,sjtu-marl1,192.168.2.51,600.1528298854828,4177920,1020,1.601977825164795,kuhn_psro_dqn,-1.0,-2.0,2.0,1.0,0.188,-0.188,0.2531696920794127,0.44320247248293504,0.02901030463406453,0.08607150443498314,0.0,0.139,29508535.184,6.065,675319.942,1.345,1059840,1059838,4177920,4096,8355840,1050624,102,0.4105394184589386,4096.0,0.0
0.0,0.0,0.0,2.32,446,4,1070080,4096,1070078,False,456727,1030,default,17d30577442b47ac905bc5a3eb0f3a2f,2022-05-05_16-24-47,1651739087,0.4850575923919678,606.2503607273102,2851732,sjtu-marl1,192.168.2.51,606.2503607273102,4218880,1030,1.601977825164795,kuhn_psro_dqn,-2.0,-2.0,2.0,2.0,0.145,-0.145,0.2532567611510771,0.44325779434173534,0.029013145773511703,0.0860974137196763,0.0,0.138,29640906.115,5.494,745472.853,1.226,1070080,1070078,4218880,4096,8437760,1060864,103,0.4209958016872406,4096.0,0.0
0.0,0.0,0.0,2.33,437,4,1080320,4096,1080318,False,461093,1040,default,17d30577442b47ac905bc5a3eb0f3a2f,2022-05-05_16-24-53,1651739093,0.5342466831207275,612.1426813602448,2851732,sjtu-marl1,192.168.2.51,612.1426813602448,4259840,1040,1.601977825164795,kuhn_psro_dqn,-2.0,-2.0,2.0,2.0,0.149,-0.149,0.25309988874472916,0.4430094347570203,0.029000463696658228,0.08604841779818743,0.0,0.139,29498401.758,5.601,731238.739,1.293,1080320,1080318,4259840,4096,8519680,1071104,104,0.4151948392391205,4096.0,0.0
0.0,0.0,0.0,2.327,442,4,1090560,4096,1090558,False,465479,1050,default,17d30577442b47ac905bc5a3eb0f3a2f,2022-05-05_16-24-59,1651739099,0.4650146961212158,618.0873584747314,2851732,sjtu-marl1,192.168.2.51,618.0873584747314,4300800,1050,1.601977825164795,kuhn_psro_dqn,-1.0,-2.0,2.0,1.0,0.137,-0.137,0.25313023597936424,0.4430003044865585,0.028998544296145734,0.08605785025758647,0.0,0.139,29362278.558,5.843,701010.278,1.388,1090560,1090558,4300800,4096,8601600,1081344,105,0.4196328818798065,4096.0,0.0
0.0,0.0,0.0,2.341,438,4,1100800,4096,1100800,False,469877,1060,default,17d30577442b47ac905bc5a3eb0f3a2f,2022-05-05_16-25-05,1651739105,0.4703242778778076,623.9982550144196,2851732,sjtu-marl1,192.168.2.51,623.9982550144196,4341760,1060,1.601977825164795,kuhn_psro_dqn,-1.0,-2.0,2.0,1.0,0.189,-0.189,0.25313663393163593,0.4430013290890764,0.02900022697202553,0.08605757511791358,0.0,0.138,29743540.831,5.995,683221.153,1.454,1100800,1100800,4341760,4096,8683520,1091584,106,0.40833044052124023,4096.0,0.0
0.0,0.0,0.0,2.334,440,4,1111040,4096,1111036,False,474257,1070,default,17d30577442b47ac905bc5a3eb0f3a2f,2022-05-05_16-25-12,1651739112,0.49733805656433105,630.0814111232758,2851732,sjtu-marl1,192.168.2.51,630.0814111232758,4382720,1070,1.601977825164795,kuhn_psro_dqn,-1.0,-2.0,2.0,1.0,0.205,-0.205,0.2531216656466961,0.4432712429255034,0.02900018091080781,0.08605231685707534,0.0,0.138,29738392.217,5.768,710114.42,1.337,1111040,1111036,4382720,4096,8765440,1101824,107,0.41279566287994385,4096.0,0.0
0.0,0.0,0.0,2.362,435,4,1121280,4096,1121278,False,478644,1080,default,17d30577442b47ac905bc5a3eb0f3a2f,2022-05-05_16-25-18,1651739118,0.4586191177368164,636.0286808013916,2851732,sjtu-marl1,192.168.2.51,636.0286808013916,4423680,1080,1.601977825164795,kuhn_psro_dqn,-1.0,-2.0,2.0,1.0,0.242,-0.242,0.2530717167398807,0.4431663465202248,0.02898970392935136,0.08603364283361009,0.0,0.137,29841704.332,5.695,719262.36,1.294,1121280,1121278,4423680,4096,8847360,1112064,108,0.41756072640419006,4096.0,0.0
0.0,0.0,0.0,2.33,439,4,1131520,4096,1131518,False,483026,1090,default,17d30577442b47ac905bc5a3eb0f3a2f,2022-05-05_16-25-24,1651739124,0.4892709255218506,642.0642113685608,2851732,sjtu-marl1,192.168.2.51,642.0642113685608,4464640,1090,1.601977825164795,kuhn_psro_dqn,-1.0,-2.0,2.0,1.0,0.147,-0.147,0.2531347714965117,0.4432070923349396,0.028994221232471893,0.08605543642138715,0.0,0.143,28575963.38,6.314,648744.952,1.386,1131520,1131518,4464640,4096,8929280,1122304,109,0.4119037389755249,4096.0,0.0
0.0,0.0,0.0,2.361,432,4,1141760,4096,1141757,False,487406,1100,default,17d30577442b47ac905bc5a3eb0f3a2f,2022-05-05_16-25-30,1651739130,0.48138928413391113,647.9523394107819,2851732,sjtu-marl1,192.168.2.51,647.9523394107819,4505600,1100,1.601977825164795,kuhn_psro_dqn,-2.0,-2.0,2.0,2.0,0.224,-0.224,0.2530225311497515,0.44305212926052734,0.028985116212934158,0.0860214155087653,0.0,0.137,29831340.83,5.664,723113.249,1.303,1141760,1141757,4505600,4096,9011200,1132544,110,0.4102998971939087,4096.0,0.0
0.0,0.0,0.0,2.33,440,4,1152000,4096,1152000,False,491806,1110,default,17d30577442b47ac905bc5a3eb0f3a2f,2022-05-05_16-25-36,1651739136,0.5046167373657227,653.9350833892822,2851732,sjtu-marl1,192.168.2.51,653.9350833892822,4546560,1110,1.601977825164795,kuhn_psro_dqn,-1.0,-2.0,2.0,1.0,0.125,-0.125,0.25307520501723546,0.4430579962738561,0.028989873146908995,0.08603993217775054,0.0,0.149,27518611.539,6.176,663166.904,1.32,1152000,1152000,4546560,4096,9093120,1142784,111,0.4290725886821747,4096.0,0.0
0.0,0.0,0.0,2.342,436,4,1162240,4096,1162238,False,496196,1120,default,17d30577442b47ac905bc5a3eb0f3a2f,2022-05-05_16-25-42,1651739142,0.4998619556427002,659.9501695632935,2851732,sjtu-marl1,192.168.2.51,659.9501695632935,4587520,1120,1.601977825164795,kuhn_psro_dqn,-2.0,-2.0,2.0,2.0,0.16,-0.16,0.2530473342088747,0.4430140934286777,0.028990161078593823,0.08603080199523437,0.0,0.138,29733245.386,5.806,705489.522,1.295,1162240,1162238,4587520,4096,9175040,1153024,112,0.4069569706916809,4096.0,0.0
0.0,0.0,0.0,2.357,432,4,1172480,4096,1172478,False,500578,1130,default,17d30577442b47ac905bc5a3eb0f3a2f,2022-05-05_16-25-48,1651739148,0.5122413635253906,665.9661433696747,2851732,sjtu-marl1,192.168.2.51,665.9661433696747,4628480,1130,1.601977825164795,kuhn_psro_dqn,-1.0,-2.0,2.0,1.0,0.254,-0.254,0.25309068463761153,0.44305928699053265,0.028993231402076724,0.08603810640468533,0.0,0.14,29357261.08,5.809,705066.801,1.281,1172480,1172478,4628480,4096,9256960,1163264,113,0.414097398519516,4096.0,0.0
0.0,0.0,0.0,2.347,438,4,1182720,4096,1182717,False,504945,1140,default,17d30577442b47ac905bc5a3eb0f3a2f,2022-05-05_16-25-54,1651739154,0.5032641887664795,672.0974586009979,2851732,sjtu-marl1,192.168.2.51,672.0974586009979,4669440,1140,1.601977825164795,kuhn_psro_dqn,-1.0,-2.0,2.0,1.0,0.221,-0.221,0.2531865985733194,0.44319569198446107,0.029003286960633853,0.08606668908639419,0.0,0.139,29387391.693,5.735,714241.671,1.38,1182720,1182717,4669440,4096,9338880,1173504,114,0.41082537174224854,4096.0,0.0
0.0,0.0,0.0,2.321,444,4,1192960,4096,1192958,False,509344,1150,default,17d30577442b47ac905bc5a3eb0f3a2f,2022-05-05_16-26-00,1651739160,0.5335018634796143,678.3567485809326,2851732,sjtu-marl1,192.168.2.51,678.3567485809326,4710400,1150,1.601977825164795,kuhn_psro_dqn,-2.0,-2.0,2.0,2.0,0.096,-0.096,0.25332060247977584,0.4433494564901747,0.029020627134573502,0.08611033148895912,0.0,0.146,28113024.356,5.992,683607.197,1.386,1192960,1192958,4710400,4096,9420800,1183744,115,0.4137266278266907,4096.0,0.0
0.0,0.0,0.0,2.334,444,4,1203200,4096,1203198,False,513725,1160,default,17d30577442b47ac905bc5a3eb0f3a2f,2022-05-05_16-26-08,1651739168,1.5875294208526611,685.5505104064941,2851732,sjtu-marl1,192.168.2.51,685.5505104064941,4751360,1160,1.601977825164795,kuhn_psro_dqn,-1.0,-2.0,2.0,1.0,0.175,-0.175,0.2533626291475234,0.4434340188665885,0.029024987105821055,0.08612197643246475,0.0,0.138,29717815.575,5.501,744535.948,1.34,1203200,1203198,4751360,4096,9502720,1193984,116,0.4210789203643799,4096.0,0.0
0.0,0.0,0.0,2.319,445,4,1213440,4096,1213438,False,518101,1170,default,17d30577442b47ac905bc5a3eb0f3a2f,2022-05-05_16-26-14,1651739174,1.565673589706421,691.7494943141937,2851732,sjtu-marl1,192.168.2.51,691.7494943141937,4792320,1170,1.601977825164795,kuhn_psro_dqn,-1.0,-2.0,2.0,1.0,0.125,-0.125,0.2535241108674259,0.44366254503963426,0.02904253090941457,0.08617607730725992,0.0,0.139,29407513.153,5.818,704003.556,1.403,1213440,1213438,4792320,4096,9584640,1204224,117,0.433647483587265,4096.0,0.0
0.0,0.0,0.0,2.339,439,4,1223680,4096,1223679,False,522503,1180,default,17d30577442b47ac905bc5a3eb0f3a2f,2022-05-05_16-26-20,1651739180,0.48611998558044434,697.8555426597595,2851732,sjtu-marl1,192.168.2.51,697.8555426597595,4833280,1180,1.601977825164795,kuhn_psro_dqn,-1.0,-2.0,2.0,1.0,0.188,-0.188,0.2535296628893605,0.44391357186594,0.029042617260221473,0.0861709951333474,0.0,0.137,29987553.123,5.82,703830.505,1.323,1223680,1223679,4833280,4096,9666560,1214464,118,0.41904762387275696,4096.0,0.0
0.0,0.0,0.0,2.355,438,4,1233920,4096,1233918,False,526889,1190,default,17d30577442b47ac905bc5a3eb0f3a2f,2022-05-05_16-26-26,1651739186,0.5536398887634277,703.8730070590973,2851732,sjtu-marl1,192.168.2.51,703.8730070590973,4874240,1190,1.601977825164795,kuhn_psro_dqn,-1.0,-2.0,2.0,1.0,0.214,-0.214,0.2534841058401734,0.44381470073751206,0.029037025372221643,0.0861529138693056,0.0,0.139,29422622.339,6.038,678314.277,1.398,1233920,1233918,4874240,4096,9748480,1224704,119,0.40432390570640564,4096.0,0.0
0.0,0.0,0.0,2.355,438,4,1244160,4096,1244159,False,531276,1200,default,17d30577442b47ac905bc5a3eb0f3a2f,2022-05-05_16-26-32,1651739192,0.4691736698150635,709.7602984905243,2851732,sjtu-marl1,192.168.2.51,709.7602984905243,4915200,1200,1.601977825164795,kuhn_psro_dqn,-1.0,-2.0,2.0,1.0,0.184,-0.184,0.25343032497054746,0.44372167100870114,0.029031058680513814,0.08613989863724282,0.0,0.139,29442792.089,5.803,705840.243,1.507,1244160,1244159,4915200,4096,9830400,1234944,120,0.4125388264656067,4096.0,0.0
0.0,0.0,0.0,2.325,438,4,1254400,4096,1254398,False,535668,1210,default,17d30577442b47ac905bc5a3eb0f3a2f,2022-05-05_16-26-38,1651739198,0.47003722190856934,715.682413816452,2851732,sjtu-marl1,192.168.2.51,715.682413816452,4956160,1210,1.601977825164795,kuhn_psro_dqn,-1.0,-2.0,2.0,1.0,0.169,-0.169,0.2534389409044575,0.44366792710723785,0.02903488961260883,0.08615274597303625,0.0,0.137,29914450.956,5.748,712603.352,1.443,1254400,1254398,4956160,4096,9912320,1245184,121,0.40434780716896057,4096.0,0.0
0.0,0.0,0.0,2.348,433,4,1264640,4096,1264636,False,540055,1220,default,17d30577442b47ac905bc5a3eb0f3a2f,2022-05-05_16-26-44,1651739204,0.4874999523162842,721.6420695781708,2851732,sjtu-marl1,192.168.2.51,721.6420695781708,4997120,1220,1.601977825164795,kuhn_psro_dqn,-1.0,-2.0,2.0,1.0,0.225,-0.225,0.2533637760508925,0.44356820265776237,0.02902764319107976,0.08613001808775723,0.0,0.145,28298252.65,6.044,677741.627,1.413,1264640,1264636,4997120,4096,9994240,1255424,122,0.4232816994190216,4096.0,0.0
0.0,0.0,0.0,2.36,434,4,1274880,4096,1274878,False,544438,1230,default,17d30577442b47ac905bc5a3eb0f3a2f,2022-05-05_16-26-50,1651739210,0.4585685729980469,727.6335575580597,2851732,sjtu-marl1,192.168.2.51,727.6335575580597,5038080,1230,1.601977825164795,kuhn_psro_dqn,-1.0,-2.0,2.0,1.0,0.21,-0.21,0.2533638596632061,0.4435594940681724,0.02902939013362913,0.08613384509568002,0.0,0.138,29728100.336,5.556,737279.648,1.342,1274880,1274878,5038080,4096,10076160,1265664,123,0.43144503235816956,4096.0,0.0
0.0,0.0,0.0,2.305,445,4,1285120,4096,1285117,False,548838,1240,default,17d30577442b47ac905bc5a3eb0f3a2f,2022-05-05_16-26-56,1651739216,0.46111130714416504,733.8189237117767,2851732,sjtu-marl1,192.168.2.51,733.8189237117767,5079040,1240,1.601977825164795,kuhn_psro_dqn,-1.0,-2.0,2.0,1.0,0.097,-0.097,0.2534032061549994,0.44353724057971927,0.029031394918681955,0.0861521649247033,0.0,0.136,30124266.498,5.653,724555.761,1.288,1285120,1285117,5079040,4096,10158080,1275904,124,0.41660887002944946,4096.0,0.0
0.0,0.0,0.0,2.343,429,4,1295360,4096,1295357,False,553219,1250,default,17d30577442b47ac905bc5a3eb0f3a2f,2022-05-05_16-27-02,1651739222,0.46976184844970703,739.746776342392,2851732,sjtu-marl1,192.168.2.51,739.746776342392,5120000,1250,1.601977825164795,kuhn_psro_dqn,-2.0,-2.0,2.0,2.0,0.141,-0.141,0.2532843937080724,0.44335228916819347,0.029023307953081875,0.08611599766637569,0.0,0.139,29452887.338,5.823,703470.255,1.379,1295360,1295357,5120000,4096,10240000,1286144,125,0.4325903058052063,4096.0,0.0
0.0,0.0,0.0,2.361,435,4,1305600,4096,1305599,False,557599,1260,default,17d30577442b47ac905bc5a3eb0f3a2f,2022-05-05_16-27-08,1651739228,0.4727816581726074,745.7251744270325,2851732,sjtu-marl1,192.168.2.51,745.7251744270325,5160960,1260,1.601977825164795,kuhn_psro_dqn,-2.0,-2.0,2.0,2.0,0.227,-0.227,0.25316293665485745,0.44318161380806065,0.029008209939190066,0.08607808084818842,0.0,0.136,30013747.701,6.015,681003.087,1.362,1305600,1305599,5160960,4096,10321920,1296384,126,0.4226285219192505,4096.0,0.0
0.0,0.0,0.0,2.328,441,4,1315840,4096,1315838,False,561977,1270,default,17d30577442b47ac905bc5a3eb0f3a2f,2022-05-05_16-27-15,1651739235,0.5025355815887451,751.853417634964,2851732,sjtu-marl1,192.168.2.51,751.853417634964,5201920,1270,1.601977825164795,kuhn_psro_dqn,-1.0,-2.0,2.0,1.0,0.168,-0.168,0.25327088271525283,0.44329068115704845,0.02902039312420768,0.08611753919060251,0.0,0.139,29362278.558,6.062,675718.367,1.309,1315840,1315838,5201920,4096,10403840,1306624,127,0.42024222016334534,4096.0,0.0
0.0,0.0,0.0,2.327,439,4,1326080,4096,1326076,False,566363,1280,default,17d30577442b47ac905bc5a3eb0f3a2f,2022-05-05_16-27-21,1651739241,0.540010929107666,758.1558845043182,2851732,sjtu-marl1,192.168.2.51,758.1558845043182,5242880,1280,1.601977825164795,kuhn_psro_dqn,-1.0,-2.0,2.0,1.0,0.159,-0.159,0.25326415908605754,0.443472100684764,0.029021441601401507,0.08611738178609298,0.0,0.14,29157958.561,5.961,687153.538,1.294,1326080,1326076,5242880,4096,10485760,1316864,128,0.4115630090236664,4096.0,0.0
0.0,0.0,0.0,2.32,434,4,1336320,4096,1336317,False,570759,1290,default,17d30577442b47ac905bc5a3eb0f3a2f,2022-05-05_16-27-27,1651739247,0.4515509605407715,764.1319718360901,2851732,sjtu-marl1,192.168.2.51,764.1319718360901,5283840,1290,1.601977825164795,kuhn_psro_dqn,-1.0,-2.0,2.0,1.0,0.157,-0.157,0.25326352743121383,0.44343132665147705,0.029018679900030243,0.08611145737775314,0.0,0.137,29878033.363,5.558,736985.508,1.269,1336320,1336317,5283840,4096,10567680,1327104,129,0.41057515144348145,4096.0,0.0
0.0,0.0,0.0,2.339,434,4,1346560,4096,1346559,False,575150,1300,default,17d30577442b47ac905bc5a3eb0f3a2f,2022-05-05_16-27-34,1651739254,1.6077697277069092,771.2502903938293,2851732,sjtu-marl1,192.168.2.51,771.2502903938293,5324800,1300,1.601977825164795,kuhn_psro_dqn,-2.0,-2.0,2.0,2.0,0.183,-0.183,0.2532303181979792,0.4433412500812698,0.029014315369763233,0.08609947403604823,0.0,0.139,29518675.574,5.697,718928.261,1.393,1346560,1346559,5324800,4096,10649600,1337344,130,0.4130311906337738,4096.0,0.0
0.0,0.0,0.0,2.337,439,4,1356800,4096,1356796,False,579531,1310,default,17d30577442b47ac905bc5a3eb0f3a2f,2022-05-05_16-27-40,1651739260,1.614595651626587,777.2040243148804,2851732,sjtu-marl1,192.168.2.51,777.2040243148804,5365760,1310,1.601977825164795,kuhn_psro_dqn,-1.0,-2.0,2.0,1.0,0.163,-0.163,0.25322653187232624,0.443300674395373,0.029010565663292135,0.08609511314310836,0.0,0.14,29252288.752,5.851,700036.232,1.307,1356800,1356796,5365760,4096,10731520,1347584,131,0.4229164719581604,4096.0,0.0
0.0,0.0,0.0,2.346,442,4,1367040,4096,1367037,False,583907,1320,default,17d30577442b47ac905bc5a3eb0f3a2f,2022-05-05_16-27-46,1651739266,0.5292351245880127,783.241400718689,2851732,sjtu-marl1,192.168.2.51,783.241400718689,5406720,1320,1.601977825164795,kuhn_psro_dqn,-2.0,-2.0,2.0,2.0,0.209,-0.209,0.2531822581091082,0.4432277131517079,0.02900890877768005,0.08608441937255408,0.0,0.141,28971111.609,6.187,661991.43,1.503,1367040,1367037,5406720,4096,10813440,1357824,132,0.42490893602371216,4096.0,0.0
0.0,0.0,0.0,2.342,436,4,1377280,4096,1377277,False,588299,1330,default,17d30577442b47ac905bc5a3eb0f3a2f,2022-05-05_16-27-52,1651739272,0.45187902450561523,789.2947356700897,2851732,sjtu-marl1,192.168.2.51,789.2947356700897,5447680,1330,1.601977825164795,kuhn_psro_dqn,-1.0,-2.0,2.0,1.0,0.172,-0.172,0.25321964819390186,0.44324045618573293,0.029011156504059783,0.08609577090347381,0.0,0.137,29826161.778,5.757,711514.327,1.295,1377280,1377277,5447680,4096,10895360,1368064,133,0.42097610235214233,4096.0,0.0
0.0,0.0,0.0,2.341,442,4,1387520,4096,1387518,False,592687,1340,default,17d30577442b47ac905bc5a3eb0f3a2f,2022-05-05_16-27-59,1651739279,0.5028395652770996,795.3717045783997,2851732,sjtu-marl1,192.168.2.51,795.3717045783997,5488640,1340,1.601977825164795,kuhn_psro_dqn,-1.0,-2.0,2.0,1.0,0.129,-0.129,0.25323684097221455,0.44323180777709953,0.029013229126987464,0.08609652397921468,0.0,0.137,29930085.686,5.903,693895.018,1.437,1387520,1387518,5488640,4096,10977280,1378304,134,0.4139736294746399,4096.0,0.0
0.0,0.0,0.0,2.332,436,4,1397760,4096,1397757,False,597066,1350,default,17d30577442b47ac905bc5a3eb0f3a2f,2022-05-05_16-28-05,1651739285,0.5456924438476562,801.3768348693848,2851732,sjtu-marl1,192.168.2.51,801.3768348693848,5529600,1350,1.601977825164795,kuhn_psro_dqn,-1.0,-2.0,2.0,1.0,0.167,-0.167,0.2532927405617801,0.44329620143753873,0.029018554812468608,0.0861117245692141,0.0,0.141,28961343.871,5.887,695746.888,1.373,1397760,1397757,5529600,4096,11059200,1388544,135,0.41539517045021057,4096.0,0.0
0.0,0.0,0.0,2.339,433,4,1408000,4096,1407997,False,601456,1360,default,17d30577442b47ac905bc5a3eb0f3a2f,2022-05-05_16-28-11,1651739291,0.4914703369140625,807.8534123897552,2851732,sjtu-marl1,192.168.2.51,807.8534123897552,5570560,1360,1.601977825164795,kuhn_psro_dqn,-1.0,-2.0,2.0,1.0,0.154,-0.154,0.2534771404626739,0.44356375841721435,0.029033484334000628,0.08615924843171073,0.0,0.139,29554221.889,5.666,722936.761,1.386,1408000,1407997,5570560,4096,11141120,1398784,136,0.414439857006073,4096.0,0.0
0.0,0.0,0.0,2.32,435,4,1418240,4096,1418238,False,605838,1370,default,17d30577442b47ac905bc5a3eb0f3a2f,2022-05-05_16-28-17,1651739297,0.4928109645843506,814.0042116641998,2851732,sjtu-marl1,192.168.2.51,814.0042116641998,5611520,1370,1.601977825164795,kuhn_psro_dqn,-1.0,-2.0,2.0,1.0,0.116,-0.116,0.2535451459244416,0.44364411026375034,0.0290422849482229,0.08617733895010478,0.0,0.145,28335591.595,6.228,657718.457,1.34,1418240,1418238,5611520,4096,11223040,1409024,137,0.4005158245563507,4096.0,0.0
0.0,0.0,0.0,2.338,435,4,1428480,4096,1428479,False,610242,1380,default,17d30577442b47ac905bc5a3eb0f3a2f,2022-05-05_16-28-24,1651739304,0.48034238815307617,820.2879383563995,2851732,sjtu-marl1,192.168.2.51,820.2879383563995,5652480,1380,1.601977825164795,kuhn_psro_dqn,-2.0,-2.0,2.0,2.0,0.172,-0.172,0.2536006581960483,0.4439229906226119,0.029046336393149498,0.08618774421374341,0.0,0.142,28825283.866,6.022,680145.737,1.379,1428480,1428479,5652480,4096,11304960,1419264,138,0.4205787181854248,4096.0,0.0
0.0,0.0,0.0,2.31,441,4,1438720,4096,1438717,False,614656,1390,default,17d30577442b47ac905bc5a3eb0f3a2f,2022-05-05_16-28-30,1651739310,0.4830341339111328,826.3768322467804,2851732,sjtu-marl1,192.168.2.51,826.3768322467804,5693440,1390,1.601977825164795,kuhn_psro_dqn,-2.0,-2.0,2.0,2.0,0.141,-0.141,0.2536284414818788,0.44390388641215167,0.02905153648680758,0.08619526632584794,0.0,0.136,30071537.168,5.553,737570.857,1.28,1438720,1438717,5693440,4096,11386880,1429504,139,0.41802266240119934,4096.0,0.0
0.0,0.0,0.0,2.338,441,4,1448960,4096,1448956,False,619045,1400,default,17d30577442b47ac905bc5a3eb0f3a2f,2022-05-05_16-28-36,1651739316,0.4849879741668701,832.7180407047272,2851732,sjtu-marl1,192.168.2.51,832.7180407047272,5734400,1400,1.601977825164795,kuhn_psro_dqn,-1.0,-2.0,2.0,1.0,0.214,-0.214,0.2536713381772582,0.4439868951652353,0.029052592636768064,0.08620212237728683,0.0,0.138,29656256.144,6.243,656143.435,1.349,1448960,1448956,5734400,4096,11468800,1439744,140,0.41427141427993774,4096.0,0.0
0.0,0.0,0.0,2.33,439,4,1459200,4096,1459196,False,623416,1410,default,17d30577442b47ac905bc5a3eb0f3a2f,2022-05-05_16-28-43,1651739323,0.5644636154174805,839.0422058105469,2851732,sjtu-marl1,192.168.2.51,839.0422058105469,5775360,1410,1.601977825164795,kuhn_psro_dqn,-1.0,-2.0,2.0,1.0,0.126,-0.126,0.2537033832897583,0.44402142911027376,0.02905872356509775,0.08620992871379596,0.0,0.141,29083916.005,6.248,655575.071,1.369,1459200,1459196,5775360,4096,11550720,1449984,141,0.41148021817207336,4096.0,0.0
0.0,0.0,0.0,2.33,438,4,1469440,4096,1469437,False,627807,1420,default,17d30577442b47ac905bc5a3eb0f3a2f,2022-05-05_16-28-49,1651739329,0.5220456123352051,845.0516114234924,2851732,sjtu-marl1,192.168.2.51,845.0516114234924,5816320,1420,1.601977825164795,kuhn_psro_dqn,-2.0,-2.0,2.0,2.0,0.16,-0.16,0.25371163408054725,0.44399531195298114,0.02905630813059716,0.08621140389981613,0.0,0.139,29377341.286,5.982,684683.349,1.341,1469440,1469437,5816320,4096,11632640,1460224,142,0.4134279191493988,4096.0,0.0
0.0,0.0,0.0,2.331,439,4,1479680,4096,1479678,False,632193,1430,default,17d30577442b47ac905bc5a3eb0f3a2f,2022-05-05_16-28-55,1651739335,0.5383038520812988,851.2049796581268,2851732,sjtu-marl1,192.168.2.51,851.2049796581268,5857280,1430,1.601977825164795,kuhn_psro_dqn,-1.0,-2.0,2.0,1.0,0.143,-0.143,0.25373003847001885,0.44397798816337786,0.02905913274857403,0.0862199161166747,0.0,0.137,29888429.339,5.676,721634.03,1.32,1479680,1479678,5857280,4096,11714560,1470464,143,0.41390547156333923,4096.0,0.0
0.0,0.0,0.0,2.332,443,4,1489920,4096,1489918,False,636609,1440,default,17d30577442b47ac905bc5a3eb0f3a2f,2022-05-05_16-29-02,1651739342,1.5983963012695312,858.6273286342621,2851732,sjtu-marl1,192.168.2.51,858.6273286342621,5898240,1440,1.601977825164795,kuhn_psro_dqn,-2.0,-2.0,2.0,2.0,0.169,-0.169,0.2537736082005836,0.44403784974620053,0.029062351380562786,0.08622431503407169,0.0,0.139,29488275.29,5.787,707785.668,1.416,1489920,1489918,5898240,4096,11796480,1480704,144,0.4093824326992035,4096.0,0.0
0.0,0.0,0.0,2.311,447,4,1500160,4096,1500160,False,641012,1450,default,17d30577442b47ac905bc5a3eb0f3a2f,2022-05-05_16-29-09,1651739349,0.49335741996765137,864.6888809204102,2851732,sjtu-marl1,192.168.2.51,864.6888809204102,5939200,1450,1.601977825164795,kuhn_psro_dqn,-1.0,-2.0,2.0,1.0,0.098,-0.098,0.253815649014076,0.4440565331405267,0.029062946627413468,0.08623646278106897,0.0,0.144,28415264.942,6.259,654403.897,1.431,1500160,1500160,5939200,4096,11878400,1490944,145,0.42664456367492676,4096.0,0.0
0.0,0.0,0.0,2.344,433,4,1510400,4096,1510398,False,645419,1460,default,17d30577442b47ac905bc5a3eb0f3a2f,2022-05-05_16-29-15,1651739355,0.489469051361084,870.7172646522522,2851732,sjtu-marl1,192.168.2.51,870.7172646522522,5980160,1460,1.601977825164795,kuhn_psro_dqn,-1.0,-2.0,2.0,1.0,0.214,-0.214,0.25378743878160176,0.4439997513768314,0.02905664970048044,0.08622160290034955,0.0,0.138,29615358.014,5.687,720185.002,1.417,1510400,1510398,5980160,4096,11960320,1501184,146,0.4186898469924927,4096.0,0.0
0.0,0.0,0.0,2.342,437,4,1520640,4096,1520637,False,649809,1470,default,17d30577442b47ac905bc5a3eb0f3a2f,2022-05-05_16-29-21,1651739361,0.545482873916626,876.7376525402069,2851732,sjtu-marl1,192.168.2.51,876.7376525402069,6021120,1470,1.601977825164795,kuhn_psro_dqn,-2.0,-2.0,2.0,2.0,0.187,-0.187,0.2537518100859745,0.4439042399760034,0.029057545984954667,0.08621446690873423,0.0,0.139,29447838.848,6.122,669070.973,1.4,1520640,1520637,6021120,4096,12042240,1511424,147,0.4159241318702698,4096.0,0.0
0.0,0.0,0.0,2.322,441,4,1530880,4096,1530878,False,654204,1480,default,17d30577442b47ac905bc5a3eb0f3a2f,2022-05-05_16-29-27,1651739367,0.5079255104064941,882.9327166080475,2851732,sjtu-marl1,192.168.2.51,882.9327166080475,6062080,1480,1.601977825164795,kuhn_psro_dqn,-1.0,-2.0,2.0,1.0,0.142,-0.142,0.253705142664348,0.44396214655189536,0.029054193802627182,0.08620242821639346,0.0,0.136,30182482.755,5.7,718651.585,1.246,1530880,1530878,6062080,4096,12124160,1521664,148,0.418594628572464,4096.0,0.0
0.0,0.0,0.0,2.359,434,4,1541120,4096,1541119,False,658587,1490,default,17d30577442b47ac905bc5a3eb0f3a2f,2022-05-05_16-29-33,1651739373,0.5573623180389404,889.1121518611908,2851732,sjtu-marl1,192.168.2.51,889.1121518611908,6103040,1490,1.601977825164795,kuhn_psro_dqn,-1.0,-2.0,2.0,1.0,0.244,-0.244,0.2537095826308652,0.443987124589913,0.029049938864436492,0.08619848820674719,0.0,0.139,29493337.655,6.151,665938.026,1.396,1541120,1541119,6103040,4096,12206080,1531904,149,0.4195824861526489,4096.0,0.0
0.0,0.0,0.0,2.339,435,4,1551360,4096,1551357,False,662977,1500,default,17d30577442b47ac905bc5a3eb0f3a2f,2022-05-05_16-29-39,1651739379,0.472808837890625,895.1607000827789,2851732,sjtu-marl1,192.168.2.51,895.1607000827789,6144000,1500,1.601977825164795,kuhn_psro_dqn,-2.0,-2.0,2.0,2.0,0.144,-0.144,0.25370591921094654,0.44393667485415506,0.029051511660261133,0.08619719113791663,0.0,0.138,29697267.388,5.596,731936.587,1.277,1551360,1551357,6144000,4096,12288000,1542144,150,0.4240530729293823,4096.0,0.0
0.0,0.0,0.0,2.316,447,4,1561600,4096,1561597,False,667368,1510,default,17d30577442b47ac905bc5a3eb0f3a2f,2022-05-05_16-29-46,1651739386,0.4698812961578369,901.3032298088074,2851732,sjtu-marl1,192.168.2.51,901.3032298088074,6184960,1510,1.601977825164795,kuhn_psro_dqn,-1.0,-2.0,2.0,1.0,0.166,-0.166,0.253666632267994,0.4438392744877949,0.029048096404212097,0.08618646350859283,0.0,0.14,29297184.829,5.966,686576.848,1.356,1561600,1561597,6184960,4096,12369920,1552384,151,0.4146925210952759,4096.0,0.0
0.0,0.0,0.0,2.325,439,4,1571840,4096,1571838,False,671762,1520,default,17d30577442b47ac905bc5a3eb0f3a2f,2022-05-05_16-29-52,1651739392,0.45122385025024414,907.4295613765717,2851732,sjtu-marl1,192.168.2.51,907.4295613765717,6225920,1520,1.601977825164795,kuhn_psro_dqn,-1.0,-2.0,2.0,1.0,0.135,-0.135,0.2536475175132082,0.4437820695408982,0.029045276204773315,0.08617926937273387,0.0,0.135,30288908.999,5.591,732651.39,1.307,1571840,1571838,6225920,4096,12451840,1562624,152,0.4180639386177063,4096.0,0.0
0.0,0.0,0.0,2.329,437,4,1582080,4096,1582078,False,676152,1530,default,17d30577442b47ac905bc5a3eb0f3a2f,2022-05-05_16-29-58,1651739398,0.5063278675079346,913.6510574817657,2851732,sjtu-marl1,192.168.2.51,913.6510574817657,6266880,1530,1.601977825164795,kuhn_psro_dqn,-1.0,-2.0,2.0,1.0,0.19,-0.19,0.25372667273002963,0.4438875563104671,0.029051639985817227,0.08619970019018555,0.0,0.137,29852075.037,6.437,636274.955,1.405,1582080,1582078,6266880,4096,12533760,1572864,153,0.4122713506221771,4096.0,0.0
0.0,0.0,0.0,2.33,447,4,1592320,4096,1592317,False,680546,1540,default,17d30577442b47ac905bc5a3eb0f3a2f,2022-05-05_16-30-04,1651739404,0.5090987682342529,919.7461588382721,2851732,sjtu-marl1,192.168.2.51,919.7461588382721,6307840,1540,1.601977825164795,kuhn_psro_dqn,-2.0,-2.0,2.0,2.0,0.166,-0.166,0.2537108053992264,0.4438398212912797,0.029052927934225245,0.08619848207512332,0.0,0.142,28893153.69,5.687,720218.213,1.344,1592320,1592317,6307840,4096,12615680,1583104,154,0.42047548294067383,4096.0,0.0
0.0,0.0,0.0,2.308,448,4,1602560,4096,1602557,False,684952,1550,default,17d30577442b47ac905bc5a3eb0f3a2f,2022-05-05_16-30-10,1651739410,0.5404953956604004,925.9227540493011,2851732,sjtu-marl1,192.168.2.51,925.9227540493011,6348800,1550,1.601977825164795,kuhn_psro_dqn,-2.0,-2.0,2.0,2.0,0.098,-0.098,0.25375534712403147,0.4438793715588555,0.029055388948785447,0.08621136644136664,0.0,0.138,29640906.115,5.738,713802.468,1.352,1602560,1602557,6348800,4096,12697600,1593344,155,0.4132882356643677,4096.0,0.0
0.0,0.0,0.0,2.328,440,4,1612800,4096,1612799,False,689352,1560,default,17d30577442b47ac905bc5a3eb0f3a2f,2022-05-05_16-30-17,1651739417,0.457935094833374,932.0240049362183,2851732,sjtu-marl1,192.168.2.51,932.0240049362183,6389760,1560,1.601977825164795,kuhn_psro_dqn,-1.0,-2.0,2.0,1.0,0.2,-0.2,0.253767860322897,0.4438853630071974,0.029055326668779097,0.08621270254304893,0.0,0.145,28265661.705,6.196,661102.379,1.303,1612800,1612799,6389760,4096,12779520,1603584,156,0.417233943939209,4096.0,0.0
0.0,0.0,0.0,2.326,437,4,1623040,4096,1623036,False,693743,1570,default,17d30577442b47ac905bc5a3eb0f3a2f,2022-05-05_16-30-23,1651739423,0.48265838623046875,937.9588475227356,2851732,sjtu-marl1,192.168.2.51,937.9588475227356,6430720,1570,1.601977825164795,kuhn_psro_dqn,-1.0,-2.0,2.0,1.0,0.148,-0.148,0.2537229324482988,0.4437862205811596,0.02905128077054165,0.08620038356199552,0.0,0.137,29795125.189,5.654,724390.785,1.317,1623040,1623036,6430720,4096,12861440,1613824,157,0.4075503945350647,4096.0,0.0
0.0,0.0,0.0,2.322,442,4,1633280,4096,1633278,False,698136,1580,default,17d30577442b47ac905bc5a3eb0f3a2f,2022-05-05_16-30-30,1651739430,1.7487967014312744,945.519448518753,2851732,sjtu-marl1,192.168.2.51,945.519448518753,6471680,1580,1.601977825164795,kuhn_psro_dqn,-1.0,-2.0,2.0,1.0,0.126,-0.126,0.2537446340477538,0.4438498967992421,0.02905343913629097,0.08620152008825488,0.0,0.138,29615358.014,5.951,688285.011,1.35,1633280,1633278,6471680,4096,12943360,1624064,158,0.423312246799469,4096.0,0.0
0.0,0.0,0.0,2.331,441,4,1643520,4096,1643518,False,702514,1590,default,17d30577442b47ac905bc5a3eb0f3a2f,2022-05-05_16-30-37,1651739437,0.555001974105835,951.9890429973602,2851732,sjtu-marl1,192.168.2.51,951.9890429973602,6512640,1590,1.601977825164795,kuhn_psro_dqn,-1.0,-2.0,2.0,1.0,0.14,-0.14,0.2537672461972037,0.4440214142128808,0.029051991316038424,0.08620204098689134,0.0,0.138,29610253.678,5.934,690231.787,1.389,1643520,1643518,6512640,4096,13025280,1634304,159,0.40970578789711,4096.0,0.0
0.0,0.0,0.0,2.336,436,4,1653760,4096,1653758,False,706894,1600,default,17d30577442b47ac905bc5a3eb0f3a2f,2022-05-05_16-30-43,1651739443,0.45212221145629883,958.176504611969,2851732,sjtu-marl1,192.168.2.51,958.176504611969,6553600,1600,1.601977825164795,kuhn_psro_dqn,-1.0,-2.0,2.0,1.0,0.186,-0.186,0.25380080249972503,0.44406235647011116,0.029055496308922707,0.08621536205001311,0.0,0.137,29883230.447,5.735,714256.518,1.42,1653760,1653758,6553600,4096,13107200,1644544,160,0.4025312662124634,4096.0,0.0
0.0,0.0,0.0,2.357,439,4,1664000,4096,1663997,False,711256,1610,default,17d30577442b47ac905bc5a3eb0f3a2f,2022-05-05_16-30-49,1651739449,0.5484907627105713,964.3394703865051,2851732,sjtu-marl1,192.168.2.51,964.3394703865051,6594560,1610,1.601977825164795,kuhn_psro_dqn,-1.0,-2.0,2.0,1.0,0.23,-0.23,0.25373454666485756,0.44395184688218453,0.029052302121825527,0.0862021532511342,0.0,0.141,28961343.871,6.123,668938.109,1.467,1664000,1663997,6594560,4096,13189120,1654784,161,0.4209449887275696,4096.0,0.0
0.0,0.0,0.0,2.331,438,4,1674240,4096,1674237,False,715638,1620,default,17d30577442b47ac905bc5a3eb0f3a2f,2022-05-05_16-30-56,1651739456,0.514167308807373,970.6518132686615,2851732,sjtu-marl1,192.168.2.51,970.6518132686615,6635520,1620,1.601977825164795,kuhn_psro_dqn,-1.0,-2.0,2.0,1.0,0.196,-0.196,0.25372051554594693,0.44391134878963534,0.029051643673588607,0.08619930698221884,0.0,0.141,29143119.905,6.203,660274.073,1.418,1674240,1674237,6635520,4096,13271040,1665024,162,0.4124128520488739,4096.0,0.0
0.0,0.0,0.0,2.32,445,4,1684480,4096,1684478,False,720035,1630,default,17d30577442b47ac905bc5a3eb0f3a2f,2022-05-05_16-31-02,1651739462,0.5028843879699707,977.093385219574,2851732,sjtu-marl1,192.168.2.51,977.093385219574,6676480,1630,1.601977825164795,kuhn_psro_dqn,-2.0,-2.0,2.0,2.0,0.099,-0.099,0.2537755254817659,0.44394891029997335,0.02905606935960356,0.08621128727373553,0.0,0.143,28666559.626,6.186,662090.928,1.404,1684480,1684478,6676480,4096,13352960,1675264,163,0.41921529173851013,4096.0,0.0
0.0,0.0,0.0,2.348,434,4,1694720,4096,1694717,False,724420,1640,default,17d30577442b47ac905bc5a3eb0f3a2f,2022-05-05_16-31-08,1651739468,0.5638549327850342,983.2273736000061,2851732,sjtu-marl1,192.168.2.51,983.2273736000061,6717440,1640,1.601977825164795,kuhn_psro_dqn,-1.0,-2.0,2.0,1.0,0.161,-0.161,0.253727201108874,0.4438715940411298,0.029051586754358275,0.08619849025652246,0.0,0.138,29717815.575,5.956,687761.483,1.33,1694720,1694717,6717440,4096,13434880,1685504,164,0.41755276918411255,4096.0,0.0
0.0,0.0,0.0,2.344,434,4,1704960,4096,1704956,False,728803,1650,default,17d30577442b47ac905bc5a3eb0f3a2f,2022-05-05_16-31-15,1651739475,0.4617743492126465,989.5420620441437,2851732,sjtu-marl1,192.168.2.51,989.5420620441437,6758400,1650,1.601977825164795,kuhn_psro_dqn,-1.0,-2.0,2.0,1.0,0.222,-0.222,0.2537139889584836,0.443879952327002,0.02905088004029222,0.08619354227652366,0.0,0.135,30272897.241,6.099,671558.206,1.387,1704960,1704956,6758400,4096,13516800,1695744,165,0.41619759798049927,4096.0,0.0
0.0,0.0,0.0,2.337,434,4,1715200,4096,1715197,False,733190,1660,default,17d30577442b47ac905bc5a3eb0f3a2f,2022-05-05_16-31-21,1651739481,0.5832014083862305,995.8169710636139,2851732,sjtu-marl1,192.168.2.51,995.8169710636139,6799360,1660,1.601977825164795,kuhn_psro_dqn,-2.0,-2.0,2.0,2.0,0.128,-0.128,0.253753762659246,0.4438833785536475,0.029054721735547736,0.08621407852877518,0.0,0.138,29579664.573,6.06,675893.823,1.38,1715200,1715197,6799360,4096,13598720,1705984,166,0.4132606089115143,4096.0,0.0
0.0,0.0,0.0,2.33,439,4,1725440,4096,1725436,False,737578,1670,default,17d30577442b47ac905bc5a3eb0f3a2f,2022-05-05_16-31-27,1651739487,0.48641371726989746,1001.9748547077179,2851732,sjtu-marl1,192.168.2.51,1001.9748547077179,6840320,1670,1.601977825164795,kuhn_psro_dqn,-1.0,-2.0,2.0,1.0,0.216,-0.216,0.2537130257357007,0.4438425302913744,0.02905044088422669,0.0861990436438883,0.0,0.138,29758997.374,5.775,709237.881,1.341,1725440,1725436,6840320,4096,13680640,1716224,167,0.4178335666656494,4096.0,0.0
0.0,0.0,0.0,2.33,439,4,1735680,4096,1735678,False,741961,1680,default,17d30577442b47ac905bc5a3eb0f3a2f,2022-05-05_16-31-33,1651739493,0.4745903015136719,1008.1229937076569,2851732,sjtu-marl1,192.168.2.51,1008.1229937076569,6881280,1680,1.601977825164795,kuhn_psro_dqn,-1.0,-2.0,2.0,1.0,0.139,-0.139,0.2537403908145325,0.4438461109982563,0.029053320295024252,0.08620763116263964,0.0,0.137,29992788.38,5.649,725038.898,1.363,1735680,1735678,6881280,4096,13762560,1726464,168,0.4081606864929199,4096.0,0.0
0.0,0.0,0.0,2.34,434,4,1745920,4096,1745918,False,746341,1690,default,17d30577442b47ac905bc5a3eb0f3a2f,2022-05-05_16-31-40,1651739500,0.4929769039154053,1014.6242005825043,2851732,sjtu-marl1,192.168.2.51,1014.6242005825043,6922240,1690,1.601977825164795,kuhn_psro_dqn,-1.0,-2.0,2.0,1.0,0.188,-0.188,0.25385230526368757,0.4440366399939841,0.029059515218195348,0.08622105992318833,0.0,0.139,29493337.655,5.893,695119.125,1.457,1745920,1745918,6922240,4096,13844480,1736704,169,0.41676387190818787,4096.0,0.0
0.0,0.0,0.0,2.337,439,4,1756160,4096,1756157,False,750726,1700,default,17d30577442b47ac905bc5a3eb0f3a2f,2022-05-05_16-31-46,1651739506,0.5138692855834961,1020.8367342948914,2851732,sjtu-marl1,192.168.2.51,1020.8367342948914,6963200,1700,1.601977825164795,kuhn_psro_dqn,-1.0,-2.0,2.0,1.0,0.173,-0.173,0.253868642986318,0.44405079429989674,0.02905843005856268,0.08622878050620619,0.0,0.139,29362278.558,5.96,687192.019,1.458,1756160,1756157,6963200,4096,13926400,1746944,170,0.4233245551586151,4096.0,0.0
0.0,0.0,0.0,2.336,433,4,1766400,4096,1766397,False,755080,1710,default,17d30577442b47ac905bc5a3eb0f3a2f,2022-05-05_16-31-53,1651739513,0.5281403064727783,1027.007493019104,2851732,sjtu-marl1,192.168.2.51,1027.007493019104,7004160,1710,1.601977825164795,kuhn_psro_dqn,-2.0,-2.0,2.0,2.0,0.152,-0.152,0.2537985475280385,0.44395518972259346,0.029054549200737422,0.08621003196666426,0.0,0.139,29554221.889,6.128,668370.773,1.419,1766400,1766397,7004160,4096,14008320,1757184,171,0.418016254901886,4096.0,0.0
0.0,0.0,0.0,2.348,436,4,1776640,4096,1776638,False,759455,1720,default,17d30577442b47ac905bc5a3eb0f3a2f,2022-05-05_16-32-00,1651739520,1.7336492538452148,1034.396467924118,2851732,sjtu-marl1,192.168.2.51,1034.396467924118,7045120,1720,1.601977825164795,kuhn_psro_dqn,-1.0,-2.0,2.0,1.0,0.226,-0.226,0.2537805829170619,0.44392153557967545,0.02905339005292884,0.08620697936719131,0.0,0.134,30493200.54,5.544,738753.878,1.333,1776640,1776638,7045120,4096,14090240,1767424,172,0.4031582474708557,4096.0,0.0
0.0,0.0,0.0,2.35,436,4,1786880,4096,1786879,False,763835,1730,default,17d30577442b47ac905bc5a3eb0f3a2f,2022-05-05_16-32-06,1651739526,1.7650339603424072,1040.6889832019806,2851732,sjtu-marl1,192.168.2.51,1040.6889832019806,7086080,1730,1.601977825164795,kuhn_psro_dqn,-2.0,-2.0,2.0,2.0,0.217,-0.217,0.25375137785276014,0.44384962211278595,0.02905217954317566,0.0862015199612734,0.0,0.134,30471566.485,5.638,726510.616,1.296,1786880,1786879,7086080,4096,14172160,1777664,173,0.41741788387298584,4096.0,0.0
